index,page_id,question,gold_answer,megarag_answer,baseline_answer,megarag_em,megarag_f1,megarag_recall,baseline_em,baseline_f1,baseline_recall,megarag_relaxed_acc,baseline_relaxed_acc,llm_judge
0,96220,"Theo văn bản, những tác phẩm nào được liệt kê là của tác giả Vũ Đình Long?","Theo văn bản, các tác phẩm được liệt kê là của tác giả **Vũ Đình Long** bao gồm:  
- *Chén thuốc độc* (1921)  
- *Toà án lương tâm* (1923)  
- *Đàn bà mới* (1944)  
- *Tổ quốc trên hết* (1950, phóng tác)  
- *Gia tài* (1958, phóng tác)  

Các tác phẩm này được nêu rõ trong phần giới thiệu về ông: *""Ông là tác giả của nhiều vở kịch hiện đại như: Chén thuốc độc (1921), Toà án lương tâm (1923), Đàn bà mới (1944), Tổ quốc trên hết (1960, phóng tác), Gia tài (1978, phóng tác),...""* (trang 105).","Theo văn bản, những tác phẩm được liệt kê là của tác giả **Vũ Đình Long** bao gồm:

1. **Chén thuốc độc** (năm 1921)  
2. **Toả án lương tâm** (năm 1923)  
3. **Đàn bà mới** (năm 1944)  
4. **Tổ quốc trên hết** (năm 1949, phóng tác)  
5. **Gia tài** (năm 1958, phóng tác)

**Bổ sung thông tin từ văn bản**:  
- *Gia tài* là tác phẩm do Vũ Đình Long phóng tác từ vở hài kịch *Lê-ga-tê Uy-ni-véc-xen* (Légataire Universel) của Ro-nha (Regnard).

**Lưu ý**:  
- Văn bản liệt kê tổng cộng **5 tác phẩm** của Vũ Đình Long, trong đó có hai tác phẩm được ghi rõ năm sáng tác (1921 và 1923), ba tác phẩm khác được ghi rõ năm phóng tác (1944, 1949, 1958).  
- Các tác phẩm này đều là những đóng góp quan trọng của ông trong lĩnh vực kịch Việt Nam, đặc biệt là trong giai đoạn đầu thế kỷ XX và những năm sau đó, thể hiện sự phát triển và đổi mới trong nghệ thuật sân khấu đương thời.

*(Tổng hợp từ cả hai nguồn: Knowledge Graph chỉ liệt kê 2 tác phẩm đầu tiên, trong khi văn bản hình ảnh cung cấp đầy đủ 5 tác phẩm, bao gồm cả thông tin về năm sáng tác/phóng tác và nguồn gốc của tác phẩm ""Gia tài"".)*","Chén thuốc độc (1921), Toả án lương tâm (1923), Đàn bà mới (1944), Tổ quốc trên hết (1949, phóng tác), Gia tài (1958, phóng tác).",0,0.4037267080745342,0.6914893617021277,0,0.3865546218487395,0.24468085106382978,0.31087391594396263,0.4208754208754209,NO
1,96220,Vở kịch 'Gia tài' được phóng tác từ vở hài kịch nào của tác giả Rơ-nha (Regnard)?,"Theo văn bản, vở kịch *Gia tài* được phóng tác từ vở hài kịch **Lê-ga-tê Uy-ni-véc-xen** (*Légataire Universel*) của tác giả Rơ-nha (Regnard).","Vở kịch **'Gia tài'** của **Vũ Đình Long** được phóng tác từ vở hài kịch **'Lê-ga-tê Uy-ni-véc-xen' (Légataire Universel)** của tác giả **Rơ-nha (Regnard)**.

Đây là một tác phẩm kịch mang tính chất hài hước, xoay quanh tình huống bác Di Lung đang bệnh nặng và tìm người thừa kế tài sản, đồng thời bị các nhân vật lừa đảo để lập chúc thư giả nhằm đảm bảo tài sản cho cháu ruột Hy Lạc.

> **Lưu ý**: Mặc dù một số tài liệu hình ảnh không đề cập đến vở kịch ""Gia tài"" hay tác giả Rơ-nha, nhưng thông tin này được xác nhận rõ ràng từ nguồn dữ liệu knowledge graph, là dữ liệu đáng tin cậy và có tính chất xác thực về nguồn gốc tác phẩm.

Do đó, đáp án chính xác là: **'Lê-ga-tê Uy-ni-véc-xen' (Légataire Universel)** của Rơ-nha.",Lê-ga-tê Uy-ni-véc-xen (Légataire Universel),0,0.28260869565217395,0.896551724137931,0,0.4736842105263158,0.3103448275862069,0.2709832134292566,0.4888888888888889,YES
2,96220,"Trong vở kịch 'Gia tài', ai là người đóng vai trò tìm người thừa kế gia tài và gặp phải tình huống gì?","Trong vở kịch **""Gia tài""**, nhân vật **ông già Di Lụng** là người đóng vai trò tìm người thừa kế gia tài của mình. Tuy nhiên, ông **lâm trọng bệnh**, có nguy cơ ""sắp về chầu Phật"". Trong lúc này, cháu ruột là **Hy Lạc** cùng các nhân vật khác (Khiết, Lý) đã **lập chúc thư giả** để chiếm đoạt tài sản. Họ nhờ Khiết **cải trang thành ông Di Lụng** để lừa công chứng viên. Dù ông Di Lụng **đột nhiên khỏe lại**, họ vẫn thuyết phục ông tin rằng **chúc thư giả đó là thật**, do chính ông lập nên. Tình huống này tạo nên xung đột hài hước và phê phán tính tham lam, đạo đức giả trong xã hội.","Trong vở kịch **'Gia tài'** do **Vũ Đình Long** phóng tác từ vở hài kịch *'Lê-ga-tê Uy-ni-véc-xen'* của Ro-nha (Regnard), **bác Di Lung** là người đóng vai trò tìm người thừa kế gia tài khi đang **bệnh nặng**.

Tình huống mà bác Di Lung gặp phải là:  
**Các nhân vật khác trong vở kịch lừa đảo để lập chúc thư giả**, nhằm đảm bảo tài sản được chuyển cho **cháu ruột Hy Lạc** – người không phải là người thừa kế hợp pháp theo pháp luật hoặc theo ý muốn thật sự của bác Di Lung.

→ Đây là một tình huống đầy kịch tính, phản ánh sự gian trá, tham lam và những mưu đồ đen tối của các nhân vật xung quanh, trong khi bác Di Lung – người đang yếu ớt và cần sự minh bạch – lại bị cuốn vào một cuộc đấu tranh pháp lý và đạo đức.

**Tóm lại**:  
- **Người tìm người thừa kế**: **Bác Di Lung**  
- **Tình huống gặp phải**: **Bị các nhân vật lừa đảo lập chúc thư giả để chuyển tài sản cho cháu ruột Hy Lạc**.","Di Lung là người tìm người thừa kế gia tài, nhưng ông bị người khác giả mạo và bị lừa.",0,0.39871382636655944,0.5040650406504065,0,0.1958041958041958,0.11382113821138211,0.08534850640113797,0.22015503875968992,NO
3,66496,"Trong bài tập 2a, kết quả của phép cộng 27 + 46 là bao nhiêu?","Kết quả của phép cộng 27 + 46 trong bài tập 2a là **73**. 

**Cách tính:**  
- Hàng đơn vị: $7 + 6 = 13$ → Viết **3**, nhớ **1**.  
- Hàng chục: $2 + 4 + 1 = 7$ → Viết **7**.  

Vậy $27 + 46 = \boxed{73}$.","Trong bài tập 2a, kết quả của phép cộng **27 + 46** là **73** — đây là đáp án được xác nhận đồng nhất từ cả hai nguồn thông tin: **knowledge graph** và **document images**.

---

### 1. **Từ Knowledge Graph**:
Theo mô tả trong knowledge graph, bài toán 2a yêu cầu tìm chữ số thích hợp để hoàn thành phép cộng:  
**27 + 46 = ??**  
Và kết quả được xác định rõ ràng là **73**.  
Đây là thông tin được ghi nhận trực tiếp trong cấu trúc bài toán, không cần tính toán, chỉ cần trích dẫn từ nguồn dữ liệu đã được tổ chức.

---

### 2. **Từ Document Images**:
Trong hình ảnh tài liệu, phép cộng được trình bày dưới dạng phép tính cột dọc:

```
   2 7
+  4 6
------
  ? ?
```

Cách tính được minh họa chi tiết như sau:

- **Cột đơn vị**: 7 + 6 = **13** → viết **3**, nhớ **1**.
- **Cột chục**: 2 + 4 = **6**, cộng thêm số nhớ **1** → 6 + 1 = **7**.

→ Kết quả cuối cùng là **73**.

Hình ảnh cũng cho thấy ô kết quả được ghi là “? ?”, và qua quá trình tính toán, ta xác định được giá trị đó là **73**, phù hợp với kết quả từ knowledge graph.

---

### ✅ Kết luận:
Cả hai nguồn — **knowledge graph** và **document images** — đều xác nhận rằng kết quả của phép cộng **27 + 46** trong bài tập 2a là **73**.  
Đáp án này được xác minh bằng cách tính toán trực tiếp và cũng được ghi nhận trong mô tả bài toán, đảm bảo tính chính xác và nhất quán.

**Đáp án cuối cùng: 73**.",73,0,0.2191780821917808,0.8421052631578947,0,0.05128205128205127,0.02631578947368421,0.18077474892395984,0.02197802197802198,YES
4,66496,"Trong bài tập 3a, biểu thức 85 - 68 so với 20 và 49 + 33 so với 91, ta sử dụng ký hiệu nào để so sánh?","Trong bài tập 3a:  
- **85 – 68 = 17**, và **17 < 20** → Dùng ký hiệu **<**.  
- **49 + 33 = 82**, và **82 < 91** → Dùng ký hiệu **<**.  

**Đáp án:** Cả hai biểu thức đều sử dụng ký hiệu **<**.","Trong bài tập 3a, để so sánh:

- **85 - 68** với **20** → 85 - 68 = **17**, và **17 < 20**
- **49 + 33** với **91** → 49 + 33 = **82**, và **82 < 91**

Do đó, ta sử dụng ký hiệu **""<"" (nhỏ hơn)** để so sánh trong cả hai trường hợp.

✅ **Kết luận**: Ký hiệu được sử dụng là **""<""**.",>,0,0.5647058823529413,0.7272727272727273,0,0.0,0.0,0.4120603015075377,0.0,YES
5,66496,"Nếu con bò sữa của bác An mỗi ngày cho 20 lít sữa và con bò sữa của bác Bình mỗi ngày cho ít hơn con bò sữa của bác An 5 lít sữa, thì mỗi ngày con bò sữa của bác Bình cho bao nhiêu lít sữa?","Mỗi ngày con bò sữa của bác Bình cho **15 lít sữa**.  
*Giải thích:*  
- Con bò sữa của bác An cho 20 lít/ngày.  
- Con bò sữa của bác Bình cho ít hơn 5 lít so với bác An → $ 20 - 5 = 15 $ (lít).","Theo đề bài:

- Con bò sữa của bác An mỗi ngày cho **20 lít sữa**.
- Con bò sữa của bác Bình mỗi ngày cho **ít hơn 5 lít** so với con bò của bác An.

Để tính số lít sữa mà con bò của bác Bình cho mỗi ngày, ta thực hiện phép trừ:

**20 lít (sữa của bác An) - 5 lít (ít hơn) = 15 lít**

✅ **Vậy, mỗi ngày con bò sữa của bác Bình cho 15 lít sữa.**

Cả hai nguồn thông tin (từ knowledge graph và hình ảnh tài liệu) đều xác nhận cùng một kết quả: **15 lít sữa mỗi ngày**. Đây là phép tính đơn giản nhưng chính xác, dựa trên dữ kiện đã cho trong đề bài.

---

**Đáp án cuối cùng: 15 lít sữa mỗi ngày.**",15 lít sữa,0,0.47126436781609193,0.9534883720930233,0,0.13043478260869565,0.06976744186046512,0.20505992010652463,0.10309278350515463,YES
6,45970,Chòm sao Gấu Bé có bao nhiêu ngôi sao chính và ngôi sao nào trong chòm sao này là sao Bắc Cực?,"Chòm sao Gấu Bé có **7 ngôi sao chính**. Ngôi sao ở cuối đuôi chòm sao Gấu Bé chính là **sao Bắc Cực** (theo thông tin trong phần III: *""Chòm sao Gấu Bé cũng được tạo thành từ 7 sao chính. Ngôi sao ở cuối đuôi chòm sao Gấu Bé chính là sao Bắc Cực""*).","Chòm sao Gấu Bé gồm **7 ngôi sao chính**.

Trong số đó, **ngôi sao ở cuối đuôi** của chòm sao này chính là **sao Bắc Cực**.

👉 **Giải thích**:  
Thông tin này được xác nhận đồng nhất từ **knowledge graph** và **tài liệu hình ảnh**. Cả hai nguồn đều nêu rõ:  
- Chòm sao Gấu Bé được tạo thành từ 7 ngôi sao chính.  
- Ngôi sao cuối đuôi trong chòm sao này là sao Bắc Cực — một đặc điểm quan trọng giúp người quan sát định vị sao Bắc Cực trên bầu trời đêm.

*(Lưu ý: Thông tin này được xác thực từ cả hai nguồn dữ liệu: knowledge graph (timestamp 2026-09-03 06:43:59) và tài liệu hình ảnh trong phần “III. CHÓM SAO GẤU BÉ”)*","7 ngôi sao chính, ngôi sao cuối đuôi chòm sao Gấu Bé là sao Bắc Cực.",0,0.5274725274725274,0.8727272727272727,0,0.45070422535211263,0.2909090909090909,0.21368547418967587,0.432258064516129,YES
7,45970,Chòm sao Thiên Hậu được tạo thành từ bao nhiêu ngôi sao và nó mang hình ảnh của nhân vật nào trong truyền thuyết Hy Lạp?,"Chòm sao Thiên Hậu được tạo thành từ **5 ngôi sao** và mang hình ảnh của **nữ hoàng Cassiopeia** trong truyền thuyết Hy Lạp. Thông tin này được nêu rõ trong phần mô tả: *""Chòm sao Thiên Hậu mang hình ảnh của nữ hoàng Cassiopeia trong truyền thuyết Hy Lạp, được tạo thành từ 5 ngôi sao ở thiên cầu Bắc...""* (Hình 4.6 và 4.7).","Chòm sao Thiên Hậu (Cassiopeia) được tạo thành từ **5 ngôi sao chính**, được nối lại với nhau để tạo thành hình dáng đặc trưng như một người phụ nữ đang ngồi trên ngai vàng — đó là hình ảnh của **Cassiopeia**, nữ hoàng trong truyền thuyết Hy Lạp.

Theo truyền thuyết, Cassiopeia là hậu thân của vương triều cổ đại, nổi tiếng với sự tự mãn khi tuyên bố rằng mình đẹp hơn cả các nàng tiên biển. Điều này khiến thần biển Poseidon tức giận và trừng phạt bà bằng cách khiến bà bị treo lơ lửng trên bầu trời dưới dạng chòm sao Thiên Hậu — một hình dạng dễ nhận biết với hình chữ “W” trong bầu trời đêm.

✅ **Tóm lại:**
- **Số ngôi sao**: 5 ngôi sao chính.
- **Nhân vật trong truyền thuyết Hy Lạp**: **Cassiopeia** — nữ hoàng bị trừng phạt và hóa thành chòm sao Thiên Hậu.","5 ngôi sao, nữ hoàng Cassiopeia.",0,0.4423963133640553,0.7164179104477612,0,0.1643835616438356,0.08955223880597014,0.15515610217596973,0.1791907514450867,YES
8,45970,"Theo như thông tin trong ảnh, sự khác biệt về kích thước giữa các ngôi sao trong chòm Gấu Bé so với các ngôi sao trong chòm Gấu Lớn là gì?","Theo thông tin trong ảnh, **khoảng cách giữa các ngôi sao** trong chòm sao Gấu Bé **nhỏ hơn** so với khoảng cách giữa các ngôi sao trong chòm sao Gấu Lớn (được nêu rõ ở phần mô tả chòm sao Gấu Bé: *""Khoảng cách giữa các sao trong chòm Gấu Bé nhỏ hơn so với các sao trong chòm Gấu Lớn (Hình 4.6)""*). 

Lưu ý: Thông tin này đề cập đến **khoảng cách giữa các ngôi sao** (sự phân bố không gian của chúng trong chòm sao), chứ không phải kích thước thực tế của từng ngôi sao. Các ngôi sao trong cả hai chòm đều có kích thước vật lý khác nhau tùy thuộc vào đặc điểm riêng, nhưng khoảng cách trung bình giữa chúng trong chòm Gấu Bé ngắn hơn so với chòm Gấu Lớn.","Dựa trên thông tin trong ảnh và dữ liệu từ knowledge graph, có thể thấy sự khác biệt về kích thước giữa các ngôi sao trong chòm **Gấu Bé (Ursa Minor)** và **Gấu Lớn (Ursa Major)** như sau:

- **Chòm Gấu Lớn** gồm các ngôi sao nổi bật như **Sao Bắc Đẩu (Dubhe, Merak, Mizar, Alcor)** và **Sao Thập Tứ (Alioth)**, trong đó **Sao Bắc Đẩu** là một trong những ngôi sao sáng nhất và có kích thước tương đối lớn, dễ quan sát trên bầu trời đêm.

- **Chòm Gấu Bé** nhỏ hơn và chỉ gồm một số ngôi sao ít hơn, trong đó **Sao Bắc Đẩu (Polaris)** là ngôi sao nổi bật nhất – được dùng làm điểm tham chiếu gần cực Bắc. Tuy nhiên, các ngôi sao trong chòm Gấu Bé thường có **độ sáng yếu hơn và kích thước nhỏ hơn** so với các ngôi sao trong chòm Gấu Lớn.

→ **Kết luận**: Các ngôi sao trong chòm **Gấu Bé** thường **nhỏ hơn và sáng yếu hơn** so với các ngôi sao trong chòm **Gấu Lớn**, do đặc điểm thiên văn học và vị trí của chúng trên bầu trời.

*(Lưu ý: Kích thước thực tế của các ngôi sao còn phụ thuộc vào khoảng cách đến Trái Đất và loại sao, nhưng nhìn chung từ góc quan sát, các ngôi sao trong Gấu Bé trông nhỏ và yếu hơn so với các ngôi sao trong Gấu Lớn.)*",Các ngôi sao trong chòm Gấu Bé nhỏ hơn so với các ngôi sao trong chòm Gấu Lớn.,0,0.4734042553191489,0.644927536231884,0,0.23076923076923078,0.13043478260869565,0.13040969417195614,0.20391061452513967,NO
9,85365,"Trong trò chơi ""Chạm bóng nhanh"", mục tiêu chính của các học sinh là gì, và làm thế nào để họ đạt được mục tiêu đó dựa trên hình ảnh minh họa?","Trong trò chơi **""Chạm bóng nhanh""**, mục tiêu chính của các học sinh là **thực hiện động tác chạm bóng một cách nhanh nhất** trong khuôn khổ hoạt động nhóm hoặc cá nhân. Dựa trên hình ảnh minh họa và thông tin từ sách, cách thức đạt được mục tiêu này như sau:

### **Mục tiêu chính**:
- Học sinh phải **chạm vào bóng nhanh nhất có thể** khi đến lượt mình, đồng thời di chuyển về vị trí ban đầu một cách hiệu quả. Đây là trò chơi rèn luyện tốc độ phản xạ, sự khéo léo và tinh thần đồng đội.

### **Cách thức thực hiện**:
1. **Sắp xếp đội hình**:  
   - Các học sinh đứng thành **hai hàng dọc** (như hình vẽ), mỗi hàng có một cột mốc (đường kẻ) để xác định vị trí xuất phát và kết thúc.
   - Một quả bóng được đặt ở phía trước, gần cột mốc cuối cùng của hàng.

2. **Luật chơi**:  
   - Khi có hiệu lệnh, học sinh đầu tiên của mỗi hàng **chạy nhanh về phía bóng**, dùng tay **chạm vào bóng** (không cần ném hay đá), sau đó **quay lại vị trí ban đầu**.
   - Học sinh tiếp theo trong hàng sẽ tiếp tục thực hiện tương tự khi người trước hoàn thành.  
   - Hình ảnh minh họa cho thấy đường đi bằng mũi tên đứt nét (→) và các bạn học sinh đang trong tư thế chạy, chạm bóng, rồi trở về.

3. **Yếu tố quyết định thành công**:  
   - **Tốc độ di chuyển**: Chạy nhanh từ hàng dọc đến bóng và quay lại.  
   - **Kỹ thuật chạm bóng**: Đảm bảo chạm đúng vào bóng mà không làm rơi hoặc di chuyển bóng khỏi vị trí.  
   - **Làm việc nhóm**: Các bạn trong hàng phải phối hợp nhịp nhàng, không xô đẩy, để trò chơi diễn ra trật tự.

### **Lưu ý từ hình ảnh**:
- Trò chơi không yêu cầu **ném bóng** (phần ""Ném bóng"" ở dưới là kỹ thuật riêng, không liên quan trực tiếp đến trò chơi ""Chạm bóng nhanh"").  
- Động tác chủ đạo là **chạy → chạm bóng → trở về**, tập trung vào **tốc độ** và **sự chính xác** thay vì kỹ thuật phức tạp.

Như vậy, trò chơi ""Chạm bóng nhanh"" giúp học sinh phát triển thể lực, phản xạ nhanh và tinh thần thi đua lành mạnh thông qua việc thực hiện động tác đơn giản nhưng đòi hỏi sự tập trung cao độ.","Trong trò chơi **""Chạm bóng nhanh""**, mục tiêu chính của các học sinh là:

> **Hiểu và thực hành các động tác cơ bản trong trò chơi**, bao gồm:  
> - Tư thế chuẩn bị  
> - Động tác ném bóng  
> - Động tác đao chân (hiểu là chạm hoặc đạp chân vào bóng để kiểm soát hoặc di chuyển bóng).

---

### **Cách học sinh đạt được mục tiêu đó dựa trên hình ảnh minh họa:**

1. **Quan sát và học theo hình ảnh minh họa**  
   - Hình ảnh cung cấp hướng dẫn trực quan, giúp học sinh dễ dàng nhận diện các tư thế chuẩn bị, cách ném bóng và động tác đao chân.  
   - Học sinh có thể hình dung rõ ràng từng bước thực hiện, từ đó chuẩn bị tinh thần và kỹ thuật trước khi thực hành.

2. **Áp dụng vào thực hành dưới sự hướng dẫn của hình ảnh**  
   - Sau khi quan sát, học sinh sẽ **tự thực hành từng động tác** theo hướng dẫn trong hình.  
   - Hình ảnh giúp học sinh **so sánh giữa tư thế đúng và sai**, từ đó điều chỉnh và cải thiện kỹ thuật của mình.

3. **Tăng cường sự hiểu biết và kỹ năng qua phản hồi trực quan**  
   - Hình ảnh minh họa không chỉ là hướng dẫn, mà còn là công cụ hỗ trợ học sinh tự đánh giá và tự sửa lỗi động tác, giúp quá trình học trở nên hiệu quả và có tính tương tác cao.

---

👉 **Tóm lại**: Hình ảnh minh họa đóng vai trò là “hướng dẫn trực quan” giúp học sinh hiểu rõ mục tiêu và cách thực hiện từng động tác trong trò chơi “Chạm bóng nhanh”, từ đó đạt được mục tiêu học tập thông qua quan sát, thực hành và tự điều chỉnh kỹ thuật.","Mục tiêu: Đạt được bóng trước đối phương.  
Cách đạt mục tiêu: Đứng cách nhau, dùng chân chạm bóng để đưa bóng đến đối phương, sau đó đổi vị trí với đối phương.",0,0.4345323741007193,0.37844611528822053,0,0.0972222222222222,0.05263157894736842,0.11786485652576366,0.09233791748526522,NO
10,85365,"Theo hướng dẫn về ""Ném bóng"", tư thế chuẩn bị (TTCB) yêu cầu học sinh phải làm gì với hai chân và hai tay của mình?","Theo hướng dẫn về ""Ném bóng"", **tư thế chuẩn bị (TTCB)** yêu cầu học sinh:  
- **Hai chân**: Đứng rộng bằng vai (khoảng cách giữa hai chân bằng chiều rộng vai).  
- **Hai tay**: Cầm bóng và đưa lên cao ra sau đầu.  

Điều này được minh họa rõ qua hình ảnh: học sinh đứng vững vàng, hai chân mở rộng, hai tay giữ bóng ở phía sau đầu trước khi thực hiện động tác ném.","Theo hướng dẫn về **""Ném bóng""**, **tư thế chuẩn bị (TTCB)** yêu cầu học sinh:

**Với hai chân**:  
- Đứng rộng bằng vai hoặc hơi khuỵu nhẹ để tạo sự cân bằng và lực ném ổn định.  
- Một số hướng dẫn cụ thể hơn yêu cầu: **chân sau hơi khuỵu**, **chân trước hơi duỗi** để tạo đà và lực ném hiệu quả.

**Với hai tay**:  
- Tay thuận (tay phải hoặc tay trái, tùy theo tay thuận của học sinh) **đưa lên cao**, chuẩn bị ném bóng.  
- Tay kia **đưa ra phía trước hoặc giữ cân bằng**.  
- Một số tư thế chuẩn bị cũng yêu cầu **hai tay đưa lên cao**, chuẩn bị bắt bóng hoặc giữ thăng bằng trước khi ném.

👉 **Tóm lại**, tư thế chuẩn bị trong ném bóng yêu cầu học sinh:  
> **Đứng rộng bằng vai, hơi khuỵu chân để tạo đà và cân bằng, đồng thời đưa hai tay lên cao, tay thuận chuẩn bị ném, tay kia giữ thăng bằng hoặc hỗ trợ.**

*(Lưu ý: Các mô tả này phù hợp với kỹ thuật ném bóng trong các môn thể thao như bóng chuyền, bóng rổ hoặc bóng đá, và được hỗ trợ bởi hướng dẫn từ kiến thức chuyên môn và hình ảnh minh họa tương ứng.)*","Đứng hai chân rộng bằng vai, hai tay cầm bóng đưa lên cao ra sau đầu.",0,0.3719298245614035,0.7162162162162162,0,0.35555555555555557,0.21621621621621623,0.1875,0.31654676258992803,NO
11,85365,"Trong phần mô tả động tác của bài tập ""Ném bóng"", điều gì sẽ xảy ra khi có hiệu lệnh, và học sinh cần sử dụng bộ phận nào của cơ thể để thực hiện động tác?","Khi có hiệu lệnh, học sinh sẽ **ném bóng qua đầu từ sau ra trước**. Để thực hiện động tác này, các em cần **sử dụng lực của hai tay** (theo mô tả trong phần ""Động tác"" của bài tập ""Ném bóng""). Tư thế chuẩn bị ban đầu là đứng hai chân rộng bằng vai, hai tay cầm bóng đưa lên cao ra sau đầu, sau đó dùng lực từ hai tay để đẩy bóng về phía trước.","Khi có hiệu lệnh trong bài tập **""Ném bóng""**, học sinh sẽ **tập trung thực hiện động tác ném bóng theo trình tự kỹ thuật**, bao gồm các bước như: chuẩn bị, xoay thân, đưa tay ném và phóng bóng. Động tác này thường được thực hiện **ngay khi nhận được tín hiệu từ giáo viên** (ví dụ: “Ném bóng!”), và có thể kèm theo **động tác chạy hoặc di chuyển** nếu bài tập yêu cầu phối hợp.

Để thực hiện động tác này, học sinh cần sử dụng **bộ phận chính là tay** để ném bóng, đồng thời **phối hợp với các bộ phận khác của cơ thể** như:

- **Cơ thể**: xoay thân để tạo lực.
- **Chân**: hỗ trợ giữ thăng bằng và tạo lực đẩy.
- **Đầu và mắt**: hướng nhìn để xác định hướng ném.

→ **Tóm lại**: Khi có hiệu lệnh, học sinh sẽ **thực hiện động tác ném bóng theo trình tự kỹ thuật**, và **bộ phận chính cần sử dụng là tay**, kết hợp với **thân, chân và mắt** để hoàn thành động tác một cách hiệu quả và chính xác.","Khi có hiệu lệnh, học sinh dùng lực của hai tay ném bóng qua đầu từ sau ra trước.",0,0.3422053231939164,0.5769230769230769,0,0.3917525773195876,0.24358974358974358,0.1890295358649789,0.29256594724220625,NO
12,104466,"Theo định nghĩa trong ảnh, yếu tố nào gây nên hiện tượng đồng phân trong hóa học hữu cơ?","Theo định nghĩa được nêu trong hình ảnh, **nguyên nhân gây nên hiện tượng đồng phân trong hóa học hữu cơ** là:  
- **Sự thay đổi trật tự liên kết** (cách các nguyên tử liên kết với nhau trong phân tử).  
- **Cách thức liên kết giữa các nguyên tử** (ví dụ: liên kết đơn, đôi, ba hoặc vị trí nhóm chức).  
- **Vị trí không gian của các nguyên tử, nhóm nguyên tử** (đồng phân hình học hoặc quang học).  

Tóm lại, đồng phân xảy ra do **sự khác biệt về cấu tạo phân tử** (cấu trúc mạch carbon, vị trí nhóm chức) hoặc **sự khác biệt về sắp xếp không gian** của các nguyên tử/nhóm nguyên tử, dù chúng có cùng công thức phân tử.","Theo định nghĩa trong ảnh (dựa trên nội dung tài liệu liên quan đến **Bài tập 7** và khái niệm **Chất đồng phân**), **yếu tố gây nên hiện tượng đồng phân trong hóa học hữu cơ là sự khác biệt về cấu trúc phân tử**, dù các hợp chất đó có **cùng công thức phân tử**.

Cụ thể, điều này bao gồm:

- **Sự sắp xếp khác nhau của các nguyên tử hoặc nhóm nguyên tử trong phân tử** (đồng phân cấu tạo: vị trí, chuỗi, chức).
- **Sự khác biệt về không gian sắp xếp** (đồng phân hình học: cis-trans).
- **Sự khác biệt về tính đối xứng quang học** (đồng phân quang học do có tâm đối xứng hoặc mặt phẳng đối xứng).

→ **Tóm lại, yếu tố cốt lõi gây nên đồng phân là sự khác biệt về cấu trúc hóa học (cấu trúc phân tử) của các hợp chất hữu cơ có cùng công thức phân tử.**

*(Lưu ý: Vì không có hình ảnh trực tiếp được cung cấp, câu trả lời này được xây dựng dựa trên nội dung văn bản trong tài liệu được trích xuất từ ảnh, phù hợp với định nghĩa chuẩn trong hóa học hữu cơ.)*","do sự thay đổi vị trí liên kết, cách thức liên kết giữa các nguyên tử trong phân tử hoặc vị trí không gian của các nguyên tử, nhóm nguyên tử.",0,0.4954128440366972,0.648,0,0.3974358974358974,0.248,0.06490066225165562,0.345679012345679,YES
13,104466,"Trong ví dụ về đồng phân, chất CH3-CH2-CH2-CH3 và CH3-CH(CH3)-CH3 là ví dụ về loại đồng phân nào?","Theo ví dụ trong hình, chất **CH₃-CH₂-CH₂-CH₃** (butan) và **CH₃-CH(CH₃)-CH₃** (2-metylpropan) là ví dụ về **đồng phân mạch carbon**. 

### Giải thích:
- Cả hai chất đều có cùng công thức phân tử **C₄H₁₀** nhưng khác nhau về **cấu tạo mạch cacbon**:
  - **Butan** có mạch cacbon thẳng.
  - **2-Metylpropan** có mạch cacbon nhánh (một nhóm -CH₃ gắn vào nguyên tử cacbon thứ 2).
- Đây là đặc điểm của **đồng phân mạch carbon** (đồng phân do sự khác biệt trong cách sắp xếp mạch cacbon), được liệt kê ở dòng đầu tiên trong bảng ""Ví dụ 5"" của hình ảnh. 

Các loại đồng phân khác như **đồng phân loại nhóm chức** (ví dụ: ancol và ete) hay **đồng phân vị trí nhóm chức** không áp dụng trong trường hợp này vì cả hai chất đều thuộc cùng một loại hợp chất (ankan) và không có nhóm chức khác biệt.","Hai chất **CH₃–CH₂–CH₂–CH₃** (butan) và **CH₃–CH(CH₃)–CH₃** (2-metylpropan, hay isobutan) là **đồng phân cấu tạo** — cụ thể hơn là **đồng phân mạch cacbon**.

### Giải thích:
- **CH₃–CH₂–CH₂–CH₃** là butan, có mạch cacbon thẳng gồm 4 nguyên tử C.
- **CH₃–CH(CH₃)–CH₃** là 2-metylpropan, có mạch cacbon nhánh (một nhánh methyl ở vị trí 2 của mạch 3C).

Hai chất này **có cùng công thức phân tử** là **C₄H₁₀**, nhưng **khác nhau về cấu trúc mạch cacbon** — một mạch thẳng, một mạch nhánh. Do đó, chúng là **đồng phân cấu tạo** (đồng phân cấu trúc), và trong trường hợp này, được gọi là **đồng phân mạch cacbon**.

### Lưu ý:
- Chúng **không phải là đồng phân vị trí nhóm chức**, vì **không có nhóm chức nào** (chỉ là hydrocarbon bão hòa, không chứa nhóm OH, COOH, etc.).
- Đồng phân vị trí nhóm chức chỉ xảy ra khi có cùng nhóm chức nhưng nhóm đó ở vị trí khác nhau trên mạch (ví dụ: propan-1-ol và propan-2-ol).

---

✅ **Kết luận**: Đây là **đồng phân cấu tạo (đồng phân mạch cacbon)**.",đồng phân mạch carbon,0,0.5714285714285715,0.6405228758169934,0,0.05095541401273886,0.026143790849673203,0.24140012070006034,0.05533596837944664,YES
14,104466,Bài tập 2 yêu cầu làm gì và có bao nhiêu công thức cấu tạo được đưa ra để lựa chọn?,"Bài tập 2 yêu cầu **xác định những công thức cấu tạo nào biểu diễn cùng một chất** (đồng phân cấu tạo hoặc cùng một hợp chất).  
Có **6 công thức cấu tạo** được đưa ra để lựa chọn, đánh số từ **(1) đến (6)**.","Bài tập 2 yêu cầu xác định **những công thức cấu tạo nào biểu diễn cùng một chất hóa học**, nhằm kiểm tra khả năng nhận diện các cấu trúc hóa học tương đương.

Cụ thể, trong bài tập này, người học cần phân tích và so sánh các công thức cấu tạo được đưa ra để tìm ra các cặp hoặc nhóm công thức tương đương nhau về mặt hóa học.

**Tổng cộng có 6 công thức cấu tạo** được đưa ra để lựa chọn, được đánh số từ **(1) đến (6)**. Các công thức này bao gồm:

- (1) CH₃–CH₂–OH  
- (2) H–C–OH (có thể là CH₃–CH–OH, cần xác định cấu trúc chính xác)  
- (3) ... (các công thức còn lại không được liệt kê đầy đủ trong đoạn văn, nhưng theo tài liệu gốc, có tổng cộng 6 công thức)

Bài tập này được trình bày trong tài liệu SGK, trang 43, thuộc chương trình học về chủ đề **'SO SÁNH'**, nhằm rèn luyện kỹ năng phân tích cấu trúc hóa học và nhận diện đồng phân hoặc cấu trúc tương đương.

👉 **Tóm lại**:  
- **Yêu cầu**: Xác định các công thức cấu tạo biểu diễn cùng một chất.  
- **Số lượng công thức**: 6 công thức (đánh số từ 1 đến 6).",Viết công thức cấu tạo của các chất có cùng công thức phân tử. Có 6 công thức cấu tạo được đưa ra.,0,0.33587786259541985,0.9777777777777777,0,0.47058823529411764,0.35555555555555557,0.28426395939086296,0.5187713310580204,NO
15,95427,Tiên đề Euclid được trình bày trong bài học này phát biểu như thế nào về đường thẳng song song?,"Theo bài học, Tiên đề Euclid được trình bày như sau:  
**""Qua một điểm ở ngoài một đường thẳng, chỉ có một đường thẳng song song với đường thẳng đó.""**  

Đây là nội dung chính của tiên đề Euclid về đường thẳng song song được nêu trong phần **""KIẾN THỨC CẦN NHỚ""** (mục A) của bài 10.","Theo nội dung được trình bày trong bài học này (dựa trên kiến thức từ knowledge graph), **Tiên đề Euclid** phát biểu như sau về đường thẳng song song:

> **Qua một điểm ở ngoài một đường thẳng, chỉ có một đường thẳng song song với đường thẳng đó.**

Đây là tiên đề cơ bản và quan trọng trong hình học Euclid, thường được gọi là **Tiên đề song song**. Tiên đề này khẳng định tính **duy nhất** của đường thẳng song song đi qua một điểm nằm ngoài đường thẳng đã cho, và là nền tảng để xây dựng các hệ thống hình học phẳng, từ đó suy ra nhiều định lý khác liên quan đến các tính chất của đường thẳng song song, góc, tam giác, v.v.

---

📌 **Lưu ý**: Nếu bài học có hình ảnh minh họa, sơ đồ hoặc đoạn văn cụ thể (ví dụ: hình vẽ đường thẳng và điểm ngoài, hoặc trích dẫn từ sách giáo khoa), nội dung có thể được trình bày chi tiết hơn hoặc kèm theo hình ảnh hỗ trợ. Tuy nhiên, với thông tin hiện có, phát biểu trên là nội dung chính xác và đầy đủ nhất theo kiến thức hình học Euclid.

Nếu bạn có hình ảnh bài học hoặc tài liệu cụ thể, mình có thể phân tích thêm để so sánh và bổ sung chi tiết!","Qua một điểm ở ngoài một đường thẳng, chỉ có một đường thẳng song song với đường thẳng đó.",0,0.34843205574912894,0.8771929824561403,0,0.5,0.3333333333333333,0.20555138784696175,0.4986149584487535,YES
16,95427,"Khi một đường thẳng cắt hai đường thẳng song song, các góc so le trong và các góc đồng vị có mối quan hệ như thế nào?","Khi một đường thẳng cắt hai đường thẳng song song, theo nội dung bài học:
- **Hai góc so le trong bằng nhau**.
- **Hai góc đồng vị bằng nhau**.

Đây là tính chất cơ bản được nêu rõ trong phần ""Kiến thức cần nhớ"" của bài 10.","Khi một đường thẳng cắt hai đường thẳng song song, các góc so le trong và các góc đồng vị đều có mối quan hệ **bằng nhau**.

### Cụ thể:

#### 1. **Góc so le trong**:
- Là hai góc nằm ở hai phía của đường cắt, nằm trong hai đường thẳng song song và ở hai phía đối nhau.
- **Mối quan hệ**: Hai góc so le trong **bằng nhau**.
- Ví dụ: Nếu góc ở phía trên bên trái bằng \( x \), thì góc ở phía dưới bên phải cũng bằng \( x \).

#### 2. **Góc đồng vị**:
- Là hai góc nằm ở cùng một phía của đường cắt và cùng một vị trí tương đối so với hai đường thẳng song song (cùng là phía trên hoặc cùng là phía dưới).
- **Mối quan hệ**: Hai góc đồng vị **bằng nhau**.
- Ví dụ: Nếu góc ở phía trên bên trái bằng \( x \), thì góc ở phía trên bên phải cũng bằng \( x \).

---

### Lý do:
Điều này là hệ quả của **định lý cơ bản trong hình học Euclid** về hai đường thẳng song song bị một đường thẳng cắt (gọi là đường ngang hoặc đường cắt). Theo định lý này, các cặp góc so le trong và đồng vị đều bằng nhau do tính chất đồng dư của các góc tạo thành khi hai đường thẳng song song bị một đường thẳng cắt.

---

✅ **Tóm lại**:  
- **Góc so le trong** → **Bằng nhau**.  
- **Góc đồng vị** → **Bằng nhau**.  

Đây là những tính chất quan trọng trong hình học phẳng, giúp ta nhận biết và giải quyết các bài toán liên quan đến các góc tạo bởi đường thẳng cắt hai đường thẳng song song.",Bằng nhau.,0,0.2111801242236025,0.7391304347826086,0,0.08333333333333333,0.043478260869565216,0.1848404255319149,0.08849557522123894,YES
17,95427,"Nếu một đường thẳng vuông góc với một trong hai đường thẳng song song, thì nó có quan hệ như thế nào với đường thẳng còn lại?","Nếu một đường thẳng vuông góc với một trong hai đường thẳng song song thì nó **cũng vuông góc với đường thẳng còn lại**. 

Điều này được nêu rõ trong phần **Kiến thức cần nhớ** của bài học:  
*""Nếu một đường thẳng vuông góc với một trong hai đường thẳng song song thì nó cũng vuông góc với đường thẳng kia.""*","Theo kiến thức hình học, **nếu một đường thẳng vuông góc với một trong hai đường thẳng song song, thì nó cũng vuông góc với đường thẳng còn lại**.

### Giải thích:

- Hai đường thẳng song song là hai đường thẳng **không có điểm chung**, nằm trên cùng một mặt phẳng và luôn cách đều nhau, có cùng hướng và độ dốc.
- Khi một đường thẳng thứ ba vuông góc với một trong hai đường thẳng song song, nó tạo góc 90° với đường đó.
- Do hai đường thẳng song song có hướng và độ dốc giống nhau, nên đường thẳng vuông góc với một trong hai đường đó sẽ **cũng vuông góc với đường kia** — vì góc vuông không bị ảnh hưởng bởi sự “dịch chuyển” song song của đường thẳng.

### Cơ sở lý thuyết:

Trong hình học Euclid, hai đường thẳng song song có cùng phương và không bao giờ cắt nhau. Do đó, nếu một đường thẳng vuông góc với một trong hai đường đó, thì nó cũng vuông góc với đường còn lại — vì góc vuông được xác định bởi hướng của đường thẳng, và hướng này không thay đổi giữa hai đường song song.

### Ví dụ minh họa:

Giả sử có hai đường thẳng song song \( a \) và \( b \), và một đường thẳng \( c \) vuông góc với \( a \) tại điểm \( A \). Vì \( a \parallel b \), nên \( c \) cũng vuông góc với \( b \) tại điểm nào đó (hoặc có thể kéo dài để cắt \( b \) tại góc 90°).

---

✅ **Kết luận**: Một đường thẳng vuông góc với một trong hai đường thẳng song song thì **cũng vuông góc với đường thẳng còn lại** — đây là một tính chất cơ bản trong hình học phẳng.",Cũng vuông góc với đường thẳng kia.,0,0.31123919308357345,0.8852459016393442,0,0.2058823529411765,0.11475409836065574,0.16216216216216217,0.21212121212121213,YES
18,34272,"Hình 14.3 trong ảnh mô tả điều gì và dòng chữ ""Vẽ mờ"" có ý nghĩa gì trong ngữ cảnh của bản vẽ kỹ thuật này?","**Hình 14.3** trong ảnh mô tả **quy trình vẽ các đường phụ trợ (đường construction) hoặc đường định hướng nhẹ** trong bản vẽ kỹ thuật. Đây là những đường được vẽ **mờ** (nhạt, không đậm) để hỗ trợ việc xác định vị trí, kích thước, hoặc mối quan hệ giữa các chi tiết trước khi hoàn thiện bản vẽ chính. Các đường này thường được dùng để:
- Định tâm, căn chỉnh các phần tử (ví dụ: trục đối xứng, tâm lỗ).
- Vẽ phác thảo sơ bộ trước khi vẽ đường nét chính.
- Thể hiện các yếu tố ẩn hoặc tạm thời trong quá trình thiết kế.

**Ý nghĩa của ""Vẽ mờ""** trong ngữ cảnh này:
- **""Vẽ mờ""** (hay ""vẽ nhẹ"") chỉ cách thức vẽ các đường dẫn hướng **không phải là đường nét chính** của bản vẽ. Những đường này thường được thực hiện bằng bút chì nhạt (hoặc công cụ kỹ thuật số với độ đậm thấp) để dễ dàng xóa/sửa chữa sau này.
- Trong bản vẽ kỹ thuật chuẩn, các đường ""mờ"" này **sẽ bị loại bỏ hoặc làm mờ tối đa** ở bản vẽ cuối cùng, chỉ giữ lại các đường nét chính (đậm, rõ ràng) thể hiện hình dáng và kích thước chi tiết của vật thể.
- Mục đích: Đảm bảo tính chính xác khi bố trí các yếu tố trên bản vẽ mà không làm rối mắt người đọc bản vẽ cuối cùng.

**Phân biệt với các khái niệm khác**:
- Không nhầm lẫn với **đường nét đứt** (thể hiện cạnh khuất) – đây là đường nét có quy ước riêng, luôn xuất hiện trên bản vẽ hoàn chỉnh.
- ""Vẽ mờ"" chủ yếu liên quan đến **quy trình vẽ tay** (truyền thống), nơi người vẽ cần các đường dẫn hướng trước khi hoàn thiện.

→ Tóm lại, Hình 14.3 minh họa kỹ thuật vẽ các đường phụ trợ ""mờ"" để hỗ trợ quá trình thiết kế, và ""Vẽ mờ"" nhấn mạnh tính tạm thời, không chính thức của những đường này trong bản vẽ kỹ thuật.","Dựa trên thông tin từ knowledge graph và ngữ cảnh bản vẽ kỹ thuật, ta có thể phân tích như sau:

---

**Hình 14.3 trong ảnh mô tả điều gì?**

Hình 14.3 là một **bản vẽ kỹ thuật minh họa cách trình bày các chi tiết hình học và kích thước của một bộ phận máy**, với mục đích **giải thích hoặc hướng dẫn cách sử dụng kỹ thuật “vẽ mờ”** trong bản vẽ kỹ thuật. Đây là một ví dụ thực tế để người đọc hiểu rõ cách thể hiện các yếu tố không cần nhấn mạnh hoặc bị che khuất trong bản vẽ.

---

**Dòng chữ “Vẽ mờ” có ý nghĩa gì trong ngữ cảnh bản vẽ kỹ thuật này?**

Trong bản vẽ kỹ thuật, **“vẽ mờ”** (hay còn gọi là “vẽ nhạt”, “vẽ bằng nét mờ”, “vẽ bằng nét đứt mờ”, v.v.) có ý nghĩa:

- **Chỉ các chi tiết không cần chú ý trong bản vẽ chính**, như các lỗ khoan nhỏ, rãnh, chi tiết bị che khuất, hoặc các phần không ảnh hưởng trực tiếp đến chức năng chính của bộ phận.
- **Giúp tránh gây rối mắt hoặc làm mất tập trung** vào các chi tiết quan trọng, từ đó tăng tính rõ ràng và dễ đọc cho bản vẽ.
- **Là một kỹ thuật trình bày**, thường dùng trong các bản vẽ hướng dẫn, giáo trình hoặc bản vẽ có nhiều chi tiết phụ, nhằm minh họa cách xử lý các yếu tố cần “làm mờ” để đảm bảo tính chuyên nghiệp và dễ hiểu.

---

**Kết luận:**

Hình 14.3 là một **ví dụ minh họa cách sử dụng kỹ thuật “vẽ mờ” trong bản vẽ kỹ thuật**, nhằm giúp người đọc hiểu rõ vai trò và cách áp dụng của kỹ thuật này trong việc trình bày bản vẽ một cách khoa học, rõ ràng và chuyên nghiệp. Dòng chữ “Vẽ mờ” ở đây không chỉ là ghi chú mà là **hướng dẫn kỹ thuật** cho việc thể hiện các chi tiết phụ hoặc bị che khuất trong bản vẽ.

--- 

*(Lưu ý: Do không có hình ảnh cụ thể, phân tích dựa trên ngữ cảnh kỹ thuật và kiến thức phổ biến trong bản vẽ kỹ thuật.)*","Hình 14.3 mô tả các hình chiếu của chi tiết máy. Dòng chữ ""Vẽ mờ"" chỉ các đường kẻ không cần thiết hoặc không quan trọng trong bản vẽ kỹ thuật.",0,0.515406162464986,0.5395894428152492,0,0.1394101876675603,0.07624633431085044,0.06092307692307692,0.09017341040462427,NO
19,34272,"Hình 14.2 trong ảnh thể hiện điều gì và cụm từ ""Bố trí hình biểu diễn"" ám chỉ điều gì trong quy trình thiết kế kỹ thuật?","**Hình 14.2** trong ảnh thể hiện **bố cục các hình chiếu (view arrangement)** của một chi tiết máy, bao gồm các hình chiếu chính như mặt trước, mặt trên, mặt bên... được sắp xếp theo nguyên tắc chuẩn trong bản vẽ kỹ thuật. Các đường nét và ký hiệu (như trục đối xứng, đường tâm) cho thấy cách thức trình bày các góc nhìn cần thiết để mô tả đầy đủ hình dạng và kích thước của chi tiết.

**Cụm từ ""Bố trí hình biểu diễn""** ám chỉ **quy trình sắp xếp các hình chiếu trên bản vẽ** trong giai đoạn thiết kế kỹ thuật. Điều này bao gồm:  
1. **Lựa chọn hình chiếu phù hợp**: Xác định các góc nhìn (mặt trước, mặt trên, mặt cắt...) cần thiết để thể hiện rõ cấu trúc chi tiết mà không gây hiểu lầm.  
2. **Tuân thủ tiêu chuẩn**: Đảm bảo vị trí tương đối giữa các hình chiếu (ví dụ: mặt trên nằm phía trên mặt trước, mặt bên phải nằm bên phải mặt trước) theo quy ước quốc tế (ISO/ANSI), giúp người đọc dễ dàng liên tưởng không gian 3D từ bản vẽ 2D.  
3. **Tối ưu hóa bố cục**: Tránh chồng chéo, đảm bảo khoảng cách hợp lý giữa các hình chiếu để bản vẽ rõ ràng, dễ đọc và tiết kiệm diện tích giấy.  

Trong quy trình thiết kế, bước này rất quan trọng vì nó quyết định tính **chính xác** và **hiệu quả truyền đạt thông tin** từ kỹ sư đến người chế tạo. Nếu bố trí hình biểu diễn sai, có thể dẫn đến hiểu lầm về hình dáng chi tiết, gây lỗi trong sản xuất.","Dựa trên thông tin từ knowledge graph và ngữ cảnh được cung cấp:

**Hình 14.2** là một bản **bố trí hình biểu diễn**, thể hiện cách sắp xếp các hình chiếu hoặc hình biểu diễn trong bản vẽ kỹ thuật. Hình này thường được sử dụng để hướng dẫn cách trình bày các hình chiếu (ví dụ: hình chiếu đứng, hình chiếu ngang, hình chiếu cạnh) trong một bản vẽ kỹ thuật một cách hợp lý và dễ hiểu. Mục đích của nó là giúp người đọc hoặc người thiết kế dễ dàng xác định vị trí và mối quan hệ giữa các hình chiếu với nhau, đảm bảo tính rõ ràng và chuẩn mực trong bản vẽ.

**Cụm từ ""Bố trí hình biểu diễn""** trong quy trình thiết kế kỹ thuật ám chỉ việc sắp xếp, đặt vị trí các hình chiếu hoặc hình biểu diễn (như hình chiếu chính, hình chiếu phụ, hình cắt, hình phóng đại...) trên bản vẽ sao cho:

- Phù hợp với tiêu chuẩn kỹ thuật (ví dụ: theo quy định của TCVN hoặc ISO).
- Đảm bảo tính trực quan, dễ đọc và dễ hiểu cho người xem bản vẽ.
- Tránh chồng lấn, nhầm lẫn giữa các hình chiếu.
- Giúp người đọc nhanh chóng xác định được hình chiếu chính, hình chiếu phụ và các hình cắt, từ đó hiểu đúng hình dạng và cấu tạo của đối tượng được biểu diễn.

Tóm lại, “Bố trí hình biểu diễn” là một bước quan trọng trong quy trình thiết kế kỹ thuật nhằm đảm bảo bản vẽ kỹ thuật đạt được tính chuẩn hóa, rõ ràng và dễ sử dụng trong sản xuất hoặc thi công.","Hình 14.2 thể hiện bố trí các hình biểu diễn (các hình chiếu) của chi tiết. Cụm từ ""Bố trí hình biểu diễn"" ám chỉ việc sắp xếp, đặt vị trí các hình chiếu (hình biểu diễn) trên bản vẽ kỹ thuật một cách hợp lý để đảm bảo tính rõ ràng, dễ đọc và tuân thủ quy chuẩn.",0,0.5293072824156305,0.5283687943262412,0,0.32748538011695905,0.19858156028368795,0.10639112131649445,0.08712363869314542,YES
20,34272,"Dòng chữ ""Chủ đề 4 | 67"" ở chân trang có ý nghĩa gì và nó liên quan đến nội dung của các hình vẽ kỹ thuật như thế nào?","Dòng chữ **""Chủ đề 4 | 67""** ở chân trang là thông tin định vị nội dung trong tài liệu giáo khoa hoặc sách chuyên ngành, với ý nghĩa cụ thể như sau:  
- **""Chủ đề 4""**: Chỉ phần nội dung thuộc **chương/trường hợp học tập thứ 4** trong tài liệu (ví dụ: chủ đề về ""Nguyên tắc trình bày bản vẽ kỹ thuật"", ""Cách bố trí hình chiếu"", hoặc ""Kỹ thuật vẽ mờ"").  
- **""67""**: Là **số trang** của tài liệu, giúp người đọc xác định vị trí chính xác của hình vẽ trong sách.  

### Mối liên hệ với nội dung hình vẽ kỹ thuật:  
1. **Tính hệ thống**: Các hình vẽ (Hình 14.2, 14.3) thuộc **Chủ đề 4**, cho thấy chúng là ví dụ minh họa cho lý thuyết được trình bày trong phần này. Ví dụ:  
   - Hình 14.2 (""Bố trí hình biểu diễn"") giải thích cách sắp xếp các hình chiếu (đứng, cạnh, bằng) để thể hiện vật thể.  
   - Hình 14.3 (""Vẽ mờ"") hướng dẫn kỹ thuật vẽ đường khuất hoặc chi tiết không nhìn thấy trực tiếp.  
2. **Tính tham chiếu**: Số trang **67** giúp người học tra cứu nhanh lý thuyết liên quan (như quy tắc bố cục bản vẽ, tiêu chuẩn đường nét) đi kèm với các ví dụ minh họa này.  

### Ý nghĩa tổng thể:  
Đây là cách tổ chức nội dung **khoa học** trong tài liệu đào tạo kỹ thuật, đảm bảo người đọc dễ dàng kết nối giữa lý thuyết (trong ""Chủ đề 4"") và thực hành (qua các hình vẽ mẫu). Điều này đặc biệt quan trọng trong lĩnh vực vẽ kỹ thuật, nơi việc tuân thủ tiêu chuẩn và phương pháp trình bày là yếu tố cốt lõi.","Dòng chữ **“Chủ đề 4 | 67”** ở chân trang có ý nghĩa là **trang 67 của tài liệu giáo trình**, và **nội dung trang này thuộc về “Chủ đề 4”** — một phần được phân chia theo cấu trúc học tập rõ ràng, thường dùng trong tài liệu kỹ thuật hoặc giáo trình đại học.

---

### 1. **Ý nghĩa của “Chủ đề 4 | 67”**:

- **“Chủ đề 4”** cho thấy trang này là một phần của chương trình học hoặc tài liệu được chia theo chủ đề, giúp người học dễ dàng định vị nội dung theo từng đơn vị kiến thức cụ thể. Đây là cách tổ chức phổ biến trong giáo trình kỹ thuật để hệ thống hóa kiến thức.
- **“67”** là số trang, cho biết vị trí cụ thể trong tài liệu. Điều này giúp người đọc dễ dàng tra cứu, theo dõi hoặc tham khảo lại nội dung khi học tập hoặc nghiên cứu.

→ Dòng chữ này đóng vai trò như **một nhãn định danh nội dung**, giúp người đọc biết trang hiện tại thuộc chủ đề nào và ở vị trí nào trong tài liệu.

---

### 2. **Liên hệ với nội dung các hình vẽ kỹ thuật (Hình 14.2 và Hình 14.3)**:

Theo thông tin từ **trang 67** (được xác định trong knowledge graph và mô tả trong tài liệu), **Hình 14.2 và Hình 14.3** là các hình vẽ kỹ thuật minh họa cho nội dung thuộc **Chủ đề 4** — có thể là phần về **cấu trúc, nguyên lý hoạt động, hoặc quy trình thiết kế** liên quan đến chủ đề đó.

→ Dù không có hình ảnh trực tiếp trong câu hỏi, nhưng từ ngữ “Chủ đề 4 | 67” cho thấy **nội dung hình vẽ kỹ thuật trên trang này được trình bày trong bối cảnh của Chủ đề 4**, tức là chúng là **phần minh họa trực quan để hỗ trợ hiểu nội dung lý thuyết hoặc quy trình kỹ thuật** được trình bày trong phần văn bản trên cùng trang.

→ Do đó, **“Chủ đề 4 | 67” không chỉ là chỉ số định vị, mà còn là dấu hiệu cho thấy nội dung hình vẽ kỹ thuật trên trang này là một phần thiết yếu của Chủ đề 4**, giúp người học liên kết trực quan giữa lý thuyết và hình ảnh minh họa.

---

### Kết luận:

Dòng chữ **“Chủ đề 4 | 67”** là một **mã định danh nội dung** giúp người đọc biết trang hiện tại thuộc chủ đề nào và vị trí nào trong tài liệu. Nó **liên hệ trực tiếp với nội dung các hình vẽ kỹ thuật** trên trang đó, bởi vì các hình vẽ này là **phần minh họa thiết yếu cho nội dung thuộc Chủ đề 4**, giúp làm rõ, trực quan hóa các khái niệm kỹ thuật được trình bày trong tài liệu.","""Chủ đề 4 | 67"" là số trang và chủ đề của tài liệu, cho thấy hình vẽ kỹ thuật này thuộc phần ""Chủ đề 4"" trong tài liệu số 67.",0,0.5117493472584856,0.6735395189003437,0,0.18691588785046725,0.10309278350515463,0.12308581334874313,0.13589567604667124,YES
21,86693,"Bài hát ""Bay cao tiếng hát ước mơ"" yêu cầu người hát phải thể hiện những sắc thái nào, và người hát cần thực hiện những hoạt động gì để phù hợp với bài hát?","Theo nội dung trong hình ảnh, bài hát **""Bay cao tiếng hát ước mơ""** yêu cầu người hát thực hiện các yêu cầu sau:

### **1. Sắc thái cần thể hiện khi hát:**
- **Cao độ chính xác**: Đảm bảo nốt nhạc được ngân đúng cao độ.
- **Trường độ đúng**: Tuân thủ đúng thời lượng của từng nốt nhạc (ngắn/dài).
- **Sắc thái biểu cảm**: Thể hiện cảm xúc phù hợp với nội dung bài hát (ví dụ: ""Nhanh vui – Tự hào – Trong sáng"" như ghi chú dưới phần nhạc).
- **Lời ca rõ ràng**: Phát âm chuẩn, truyền tải trọn vẹn ý nghĩa lời bài hát.

### **2. Hoạt động cần thực hiện để phù hợp với bài hát:**
- **Kết hợp gõ đệm**: Vừa hát vừa gõ nhịp (ví dụ: gõ theo phách hoặc tiết tấu đơn giản).
- **Đánh nhịp**: Sử dụng cử chỉ tay để giữ đúng nhịp điệu (2/4 như trong bản nhạc).
- **Vận động theo nhạc**: Di chuyển cơ thể hoặc thực hiện động tác phù hợp với giai điệu (ví dụ: lắc lư, vỗ tay theo nhịp).

### **Lưu ý thêm:**
- Bài hát thuộc thể loại **hợp xướng**, đòi hỏi sự phối hợp ăn ý giữa các giọng hát.
- Cần phân biệt đặc điểm của nhịp **6/8** (so sánh với nhịp 3/8) để thể hiện đúng tính chất nhẹ nhàng, bay bổng của bài.

Những yêu cầu này giúp người hát truyền tải trọn vẹn thông điệp **""Ước mơ""** và **""Tự hào""** qua giai điệu sôi nổi, trẻ trung của bài hát.","Bài hát **“Bay cao tiếng hát ước mơ”** của nhạc sĩ **Nguyễn Nam** là một ca khúc truyền cảm hứng, thể hiện **cảm xúc tự hào và khát vọng về ước mơ**. Để phù hợp với bài hát, người hát cần thể hiện những sắc thái cảm xúc và thực hiện các hoạt động cụ thể như sau:

---

### **I. Những sắc thái cảm xúc người hát cần thể hiện:**

1. **Tự hào**  
   - Đây là cảm xúc cốt lõi của bài hát, thể hiện niềm tin, niềm vui và sự khát khao vươn lên, hướng tới những điều tốt đẹp hơn.  
   - Người hát cần thể hiện sự tràn đầy năng lượng, ánh mắt rạng rỡ, giọng hát mạnh mẽ và đầy cảm xúc để truyền tải sự tự hào về bản thân, đất nước hoặc những ước mơ lớn lao.

2. **Khát vọng**  
   - Bài hát khơi gợi khát vọng vươn lên, bay cao trong cuộc sống, học tập, sự nghiệp.  
   - Người hát cần thể hiện sự khao khát, khát khao vượt qua giới hạn, hướng tới tương lai rực rỡ, thể hiện tinh thần không ngừng nỗ lực.

3. **Cảm xúc tích cực và đầy khát vọng**  
   - Bài hát mang tính chất truyền cảm hứng, vì vậy người hát cần thể hiện sự lạc quan, tin tưởng vào tương lai, và truyền tải năng lượng tích cực đến người nghe.

---

### **II. Những hoạt động người hát cần thực hiện để phù hợp với bài hát:**

1. **Điều chỉnh giọng hát theo nhịp điệu và cảm xúc bài hát**  
   - Bài hát có giai điệu mạnh mẽ, vươn lên, nên người hát cần dùng giọng hát mạnh mẽ, dứt khoát, có độ ngân vang để thể hiện sự bay cao, phóng khoáng.

2. **Kết hợp biểu cảm khuôn mặt và cử chỉ**  
   - Ánh mắt rạng rỡ, nụ cười tự tin, cử chỉ mở rộng tay hoặc hướng lên trời để thể hiện sự “bay cao”, “vươn tới ước mơ”.

3. **Tạo sự tương tác với người nghe**  
   - Người hát cần truyền tải cảm xúc một cách chân thật, khiến người nghe cảm nhận được sự tự hào và khát vọng trong từng câu hát, từ đó tạo nên sự đồng cảm và truyền cảm hứng.

4. **Luyện tập để thể hiện đúng tinh thần bài hát**  
   - Người hát cần luyện tập để nắm được nhịp điệu, cảm xúc và nội dung bài hát, đặc biệt là những đoạn cao trào thể hiện khát vọng bay cao, để đảm bảo sự đồng bộ giữa lời, nhạc và cảm xúc.

---

### **Tóm lại:**

Để thể hiện đúng bài hát **“Bay cao tiếng hát ước mơ”**, người hát cần thể hiện **sắc thái tự hào và khát vọng**, đồng thời thực hiện các hoạt động như **điều chỉnh giọng hát, biểu cảm khuôn mặt, cử chỉ, và luyện tập để truyền tải cảm xúc chân thật và mạnh mẽ**. Bài hát không chỉ là âm nhạc, mà còn là lời kêu gọi mỗi người hãy **bay cao**, **vươn lên**, và **khẳng định ước mơ của mình**.

---  
*(Dựa trên thông tin từ knowledge graph và phân tích nội dung bài hát.)*","Người hát phải thể hiện sắc thái cao độ, trường độ, và cần thực hiện các hoạt động như kết hợp gõ đệm, đành nhịp hoặc vận động theo nhạc.",0,0.3676092544987147,0.5607843137254902,0,0.1964912280701754,0.10980392156862745,0.0432705816240517,0.1251908396946565,NO
22,86693,"Ngoài việc cảm nhận vẻ đẹp của tác phẩm ""Ca ngợi Tổ quốc"", người học còn cần thực hiện những hoạt động nào khác khi nghe nhạc theo yêu cầu của bài học?","Theo yêu cầu của bài học, ngoài việc cảm nhận vẻ đẹp của tác phẩm **""Ca ngợi Tổ quốc""**, người học còn cần thực hiện các hoạt động sau khi nghe nhạc:  
- **Vận động cơ thể** (di chuyển theo nhịp điệu của bài hát).  
- **Gõ đệm** (tạo nhịp bằng tay, chân hoặc dụng cụ đơn giản) **phù hợp với nhịp điệu** của tác phẩm.  

Đây là yêu cầu được nêu rõ trong phần **""Nghe nhạc""** của Bài 11: *""Cảm nhận được vẻ đẹp của tác phẩm Ca ngợi Tổ quốc; biết vận động cơ thể hoặc gõ đệm phù hợp với nhịp điệu.""*","Dựa trên thông tin hiện có từ knowledge graph, **không có dữ liệu nào đề cập đến các hoạt động bổ sung** ngoài yêu cầu **“cảm nhận được vẻ đẹp của tác phẩm ‘Ca ngợi Tổ quốc’”**. Điều này có nghĩa là, theo dữ liệu hiện tại, **người học chỉ được yêu cầu thực hiện một hoạt động duy nhất** là cảm nhận vẻ đẹp của tác phẩm này.

Tuy nhiên, nếu có thêm thông tin từ các tài liệu hình ảnh (ví dụ: slide bài giảng, sách giáo khoa, hướng dẫn học) hoặc nội dung khác ngoài knowledge graph, có thể sẽ có các yêu cầu bổ sung như:

- Phân tích cấu trúc âm nhạc (điệu, nhịp, lời ca, nhạc cụ...),
- So sánh với các tác phẩm khác cùng thể loại,
- Viết cảm nghĩ hoặc bài văn ngắn,
- Thực hiện hoạt động sáng tạo (hát lại, biểu diễn, vẽ tranh minh họa...),
- Liên hệ với nội dung lịch sử, văn hóa hoặc cảm xúc cá nhân.

→ **Tóm lại**: Dựa trên dữ liệu hiện có, **chỉ có một yêu cầu duy nhất là cảm nhận vẻ đẹp của tác phẩm “Ca ngợi Tổ quốc”**. Các hoạt động khác cần được xác nhận từ nguồn tài liệu hình ảnh hoặc nội dung bổ sung ngoài knowledge graph.

Nếu bạn có hình ảnh hoặc tài liệu liên quan đến bài học, mình có thể giúp phân tích thêm để xác định các hoạt động bổ sung cụ thể.",biết vận động cơ thể hoặc gõ đệm phù hợp với nhịp điệu.,0,0.34957020057306587,0.5922330097087378,0,0.22413793103448276,0.1262135922330097,0.17100371747211895,0.21032504780114722,NO
23,86693,"Theo yêu cầu của bài học, người học cần nêu được những đặc điểm gì về thể loại hợp xướng, và cần phân biệt được những hình thức ca hát nào?","Theo yêu cầu của bài học, người học cần:  
- **Nêu được đặc điểm và tác dụng của thể loại hợp xướng**:  
  + Đặc điểm: Hợp xướng là hình thức biểu diễn bằng nhiều giọng (thường chia thành các nhóm cao, trung, trầm), kết hợp hài hòa giữa các phần giọng, tạo nên sự phong phú về âm sắc và chiều sâu cảm xúc.  
  + Tác dụng: Thể hiện được nội dung đa dạng, truyền tải thông điệp mạnh mẽ, phù hợp với các chủ đề mang tính cộng đồng hoặc hoành tráng.  

- **Phân biệt được hát hợp xướng với các hình thức ca hát khác**:  
  Cần nhận biết sự khác biệt giữa hợp xướng (nhiều người cùng hát với sự phối hợp các giọng) và các hình thức như đơn ca (một người hát), song ca (hai người), tam ca (ba người), hoặc các thể loại ca hát có kết hợp vũ đạo, gõ đệm...  

Thông tin này được trích dẫn trực tiếp từ mục **""Thường thức âm nhạc""** trong bài học.","Dựa trên yêu cầu của bài học, người học cần nêu được những đặc điểm sau về **thể loại hợp xướng**:

---

### **I. Đặc điểm của thể loại hợp xướng**:

1. **Cấu trúc đa giọng**: Hợp xướng là hình thức ca hát có sự phối hợp giữa nhiều giọng hát (thường là 2-4 giọng: soprano, alto, tenor, bass) để tạo nên một tổng thể âm thanh hài hòa và phong phú.

2. **Phân chia giọng hát theo độ cao hoặc chức năng âm nhạc**:
   - Trong hợp xướng cổ điển, các giọng được phân chia theo độ cao (soprano – cao nhất, alto – thấp hơn soprano, tenor – cao hơn bass, bass – thấp nhất).
   - Trong hợp xướng hiện đại, các giọng có thể được phân chia theo chức năng âm nhạc (ví dụ: giọng dẫn, giọng hòa, giọng bổ trợ).

3. **Sự phối hợp nhịp điệu, hòa âm và cao độ**: Các giọng hát phải phối hợp nhịp nhau, hòa âm với nhau và có sự tương tác về cao độ để tạo ra âm thanh tổng thể giàu cảm xúc và cân bằng.

4. **Ứng dụng phổ biến**: Thường được sử dụng trong các tác phẩm âm nhạc cổ điển, chương trình giáo dục âm nhạc, các buổi biểu diễn chuyên nghiệp hoặc trong các lễ hội, nghi lễ tôn giáo.

---

### **II. Phân biệt các hình thức ca hát**:

1. **Hợp xướng (Chorus)**:
   - Có nhiều giọng hát phối hợp, thường có cấu trúc phức tạp với các phần cao, thấp, hòa âm.
   - Được tổ chức chặt chẽ, thường có sự phân công rõ ràng giữa các giọng.
   - Thường xuất hiện trong các tác phẩm âm nhạc cổ điển, nhạc thánh ca, hoặc các bản nhạc mang tính biểu diễn chuyên nghiệp.

2. **Ca solo (Solo)**:
   - Chỉ có một giọng hát, thường do một ca sĩ thực hiện.
   - Tập trung vào sự biểu đạt cá nhân, kỹ thuật ca hát và cảm xúc của người hát.
   - Thường được dùng trong các bản nhạc kịch, opera, hoặc các bản nhạc mang tính biểu cảm cao.

3. **Ca đồng ca (Unison / Ensemble)**:
   - Nhiều giọng hát cùng hát một nốt hoặc một đoạn nhạc giống nhau, không có sự phân chia rõ ràng theo độ cao.
   - Thường mang tính đồng điệu, tạo cảm giác đồng bộ và mạnh mẽ.
   - Dùng trong các buổi biểu diễn tập thể, lễ hội, hoặc các bản nhạc mang tính cộng đồng.

4. **Ca hòa ca (Harmony)**:
   - Có sự phối hợp giữa các giọng hát ở các nốt khác nhau, tạo thành hòa âm.
   - Thường là phần nền hoặc phần bổ trợ cho giọng chính.
   - Có thể xuất hiện trong hợp xướng hoặc ca đồng ca, nhưng không phải là hình thức độc lập như hợp xướng.

---

### **Lưu ý**:
Người học cần nắm rõ sự khác biệt giữa hợp xướng và các hình thức ca hát khác như solo, đồng ca, hòa ca để phân tích và áp dụng đúng trong các tình huống biểu diễn hoặc phân tích âm nhạc.

---

**Tóm lại**, người học cần hiểu rõ đặc điểm cấu trúc, chức năng và ứng dụng của hợp xướng, đồng thời phân biệt được các hình thức ca hát cơ bản như hợp xướng, solo, đồng ca và hòa ca để đáp ứng yêu cầu bài học một cách đầy đủ và chính xác.",Đặc điểm của thể loại hợp xướng và phân biệt được hình thức ca hát hợp xướng với ca hát đơn.,0,0.3591160220994475,0.7647058823529411,0,0.2198952879581152,0.12352941176470589,0.08432683919744112,0.17555555555555555,YES
24,103525,Ngày hội trong ảnh có những hoạt động trao đổi nào được tổ chức?,"Trong ảnh, ngày hội tái chế có hai hoạt động trao đổi chính được tổ chức:  
1. **""Đổi rác lấy quà""**: Người tham gia mang rác đến để đổi lấy các phần quà (như hình ảnh một số người đang nhận quà từ bàn có biển ""ĐỔI RÁC LẤY QUÀ"").  
2. **""Đổi rác lấy cây xanh""**: Người tham gia đổi rác để nhận cây cảnh (thể hiện qua bàn có biển ""ĐỔI RÁC LẤY CÂY XANH"" và nhiều chậu cây được bày bán).  

Cả hai hoạt động đều hướng đến mục tiêu bảo vệ môi trường, khuyến khích mọi người phân loại rác và tích cực tham gia vào các hành động xanh.","Dựa trên thông tin từ **knowledge graph** và **hình ảnh**, Ngày hội tái chế trong ảnh có tổ chức hoạt động **“Đổi rác lấy quà”** – một hình thức khuyến khích học sinh và người dân mang rác thải đến để đổi lấy các phần quà nhỏ, nhằm thúc đẩy hành vi tái chế và giảm thiểu rác thải.

Bên cạnh đó, hình ảnh cho thấy thêm một hoạt động trao đổi cụ thể là **“Đổi rác lấy cây xanh”**, mang tính biểu tượng và sinh thái hơn, nhằm gắn kết hành động tái chế với việc trồng cây – một hành động bảo vệ môi trường bền vững.

👉 **Tóm lại**, trong Ngày hội tái chế này, các hoạt động trao đổi được tổ chức bao gồm:
- **Đổi rác lấy quà** (theo knowledge graph và được xác nhận qua hình ảnh).
- **Đổi rác lấy cây xanh** (theo hình ảnh, có thể là hoạt động bổ sung hoặc phiên bản nâng cao của “đổi rác lấy quà”).

Cả hai hoạt động đều nhằm mục đích giáo dục và khuyến khích cộng đồng tham gia vào việc bảo vệ môi trường thông qua hành động tái chế.",Trao đổi rác hữu cơ để lấy cây xanh.,0,0.49673202614379086,0.672566371681416,0,0.11475409836065573,0.061946902654867256,0.07898448519040903,0.1161524500907441,YES
25,103525,Câu nói của em bé gái về việc đổi cây xanh thể hiện điều gì về ý thức bảo vệ môi trường?,"Câu nói của em bé gái: *""Mình vừa góp phần bảo vệ môi trường lại vừa có cây đẹp""* thể hiện **ý thức bảo vệ môi trường tích cực** và **sự thấu hiểu về giá trị kép của hành động cá nhân**:  
1. **Nhận thức về trách nhiệm cộng đồng**: Em hiểu rằng việc đổi rác lấy cây không chỉ là lợi ích cá nhân (có cây cảnh) mà còn là đóng góp cụ thể vào việc giảm rác thải, tăng cường trồng cây xanh – hành động thiết thực để cải thiện môi trường.  
2. **Tư duy kết nối hành động với hậu quả**: Em nhận ra mối liên hệ giữa việc xử lý rác đúng cách và lợi ích lâu dài cho cộng đồng (môi trường sạch đẹp), cho thấy tư duy phát triển bền vững từ sớm.  
3. **Sự hào hứng với hoạt động có ý nghĩa**: Việc em cảm thấy ""vừa lòng"" khi tham gia cho thấy ý thức bảo vệ môi trường không phải gánh nặng, mà là niềm vui khi được làm điều có ích.  

Qua đó, câu nói phản ánh **tinh thần chủ động, sáng tạo** trong việc lan tỏa lối sống xanh, phù hợp với thông điệp giáo dục môi trường trong nhà trường.","Câu nói của em bé gái về việc “đổi cây xanh” — trong bối cảnh sự kiện **Ngày hội tái chế** — thể hiện một **ý thức bảo vệ môi trường rất tích cực, trong sáng và đầy trách nhiệm**, dù còn nhỏ tuổi. Hành động này không chỉ là một trò chơi vui, mà là một **hình thức giáo dục và truyền cảm hứng** cho trẻ em về vai trò của mỗi người trong việc bảo vệ môi trường.

Cụ thể, câu nói ấy phản ánh:

1. **Tái sử dụng và tái chế rác thải một cách sáng tạo** — thay vì xem rác là thứ không cần thiết, em bé gái nhận ra giá trị của việc tái chế, biến rác thành nguồn tài nguyên để trồng cây — một hành động có ý nghĩa sinh thái rõ ràng.

2. **Trồng cây xanh như một cách trực quan để bảo vệ môi trường** — cây xanh giúp lọc không khí, giảm hiệu ứng nhà kính, giữ nước và tạo bóng mát. Việc “đổi rác lấy cây” là cách kết nối trực tiếp giữa hành động nhỏ (tái chế) với tác động lớn (bảo vệ môi trường), giúp trẻ hiểu rõ mối liên hệ giữa con người và thiên nhiên.

3. **Ý thức trách nhiệm và sự tham gia tích cực** — dù là em bé, nhưng em đã hiểu và thực hiện được hành động góp phần bảo vệ môi trường, thể hiện tinh thần “mỗi người một phần” trong công cuộc bảo vệ Trái Đất.

→ Qua đó, câu nói không chỉ là lời nói, mà là biểu tượng cho **tinh thần xanh – sạch – đẹp**, khuyến khích mọi người, đặc biệt là thế hệ trẻ, sống có trách nhiệm với môi trường ngay từ những hành động nhỏ nhất.","Em bé gái thể hiện ý thức bảo vệ môi trường bằng cách góp phần tái sử dụng rác, đổi rác lấy cây xanh để giữ gìn môi trường sống xanh - sạch - đẹp.",0,0.541501976284585,0.6492890995260664,0,0.22131147540983606,0.12796208530805686,0.07533946561541831,0.2113970588235294,YES
26,103525,Người lớn trong ảnh nhận xét gì về sự tham gia của các bạn nhỏ trong ngày hội?,"Trong ảnh, người lớn (cụ thể là một người phụ nữ mặc áo vàng) nhận xét: **""Lớp cháu có nhiều bạn tham gia đây ạ!""**. Điều này thể hiện sự vui mừng và tự hào khi thấy nhiều học sinh tích cực tham gia vào hoạt động cộng đồng, đồng thời phản ánh tinh thần trách nhiệm và ý thức bảo vệ môi trường của các bạn nhỏ. Câu nói cũng cho thấy sự gắn kết giữa nhà trường và cộng đồng trong việc giáo dục trẻ em về lối sống xanh.","Dựa trên thông tin từ knowledge graph và bối cảnh được cung cấp, người lớn trong ảnh (được xác định là ""Phụ huynh"" – những người lớn trong cộng đồng trường tham gia các hoạt động như Ngày hội tái chế để cùng con em mình bảo vệ môi trường) có thể nhận xét **tích cực** về sự tham gia của các bạn nhỏ.

Mặc dù không có đoạn văn hoặc hình ảnh cụ thể để trích dẫn trực tiếp lời nhận xét, nhưng từ ngữ mô tả trong knowledge graph cho thấy:

- Phụ huynh tham gia cùng con em mình trong các hoạt động cộng đồng như Ngày hội tái chế.
- Mục tiêu chung là “bảo vệ môi trường” – điều này ngụ ý sự hợp tác, sự quan tâm và sự tham gia có ý nghĩa của cả hai thế hệ.
- Sự hiện diện của phụ huynh trong sự kiện cho thấy họ đang khuyến khích, đồng hành và có thể đánh giá cao sự chủ động của các bạn nhỏ.

→ **Tóm lại, người lớn trong ảnh rất có thể nhận xét rằng các bạn nhỏ đã tham gia nhiệt tình, có tinh thần trách nhiệm và thể hiện sự quan tâm đến môi trường – điều đó rất đáng khích lệ và đáng tự hào.**

*(Lưu ý: Do không có hình ảnh cụ thể để phân tích trực tiếp, kết luận này được xây dựng dựa trên ngữ cảnh và thông tin từ knowledge graph.)*",Lập chậu có nhiều bạn tham gia đấy ạ!,0,0.35014836795252224,0.6413043478260869,0,0.11881188118811882,0.06521739130434782,0.05740378343118069,0.15555555555555556,NO
27,95432,"Theo kiến thức cần nhớ, những điều kiện nào cho thấy hai đường thẳng a và b song song với nhau?","Theo phần **KIẾN THỨC CẦN NHỚ** (mục A) trong hình ảnh, hai điều kiện để hai đường thẳng **a** và **b** song song với nhau là:

1. **Nếu một đường thẳng \( c \) cắt hai đường thẳng phân biệt \( a \), \( b \) và trong các góc tạo thành có một cặp góc so le trong bằng nhau hoặc một cặp góc đồng vị bằng nhau**, thì \( a \parallel b \).  
2. **Nếu hai đường thẳng phân biệt cùng vuông góc với một đường thẳng thứ ba**, thì chúng song song với nhau.

Đây là hai dấu hiệu nhận biết hai đường thẳng song song được nêu rõ trong bài học.","Theo kiến thức cần nhớ, hai đường thẳng **a và b** song song với nhau khi thỏa mãn một trong các điều kiện sau, dựa trên mối quan hệ giữa các góc tạo bởi một đường thẳng cắt hai đường thẳng đó:

### 1. **Góc so le trong bằng nhau**  
- Khi một đường thẳng **c** cắt hai đường thẳng **a** và **b**, nếu hai góc so le trong (góc nằm ở hai phía của đường thẳng c, nằm trong hai đường thẳng a và b) bằng nhau thì **a // b**.

### 2. **Góc đồng vị bằng nhau**  
- Nếu hai góc đồng vị (góc nằm cùng phía của đường thẳng c, cùng nằm trong hoặc cùng nằm ngoài hai đường thẳng a và b) bằng nhau thì **a // b**.

### 3. **Góc trong cùng phía bù nhau (tổng bằng 180°)**  
- Nếu tổng hai góc trong cùng phía (cùng nằm ở một phía của đường thẳng c, nằm trong hai đường thẳng a và b) bằng 180°, thì hai đường thẳng **a và b** song song.

### 4. **Góc ngoài cùng phía bù nhau (tổng bằng 180°)**  
- Nếu tổng hai góc ngoài cùng phía bằng 180°, thì hai đường thẳng **a và b** song song.

---

✅ **Lưu ý**: Các điều kiện trên đều dựa trên việc có một đường thẳng cắt hai đường thẳng cần xét (gọi là đường thẳng cắt ngang hoặc đường chéo), và xét các góc tạo thành để suy ra sự song song. Đây là các định lý cơ bản trong hình học Euclid.

---  
*Trên đây là toàn bộ các điều kiện cần nhớ để xác định hai đường thẳng song song với nhau.*",Hai đường thẳng phân biệt cùng vuông góc với một đường thẳng thứ ba thì chúng song song với nhau.,0,0.4444444444444445,0.7850467289719626,0,0.31496062992125984,0.18691588785046728,0.14810562571756603,0.32066115702479336,NO
28,95432,"Trong Ví dụ 1, góc so le trong với xMN là góc nào?","Trong Ví dụ 1, góc so le trong với $\widehat{xMN}$ là **$\widehat{MNY'}$**. 

**Giải thích:**  
- Theo hình 3.7, đường thẳng $mn$ cắt hai đường thẳng $xy$ và $x'y'$.  
- Góc $\widehat{xMN}$ nằm ở phía trên đường $xy$ và bên trái đường $mn$.  
- Góc so le trong với nó phải nằm ở phía dưới đường $x'y'$ và bên phải đường $mn$, chính là $\widehat{MNY'}$ (như phần **Giải** đã nêu).  

Đây là ví dụ minh họa cho định nghĩa: *hai góc so le trong* nằm ở hai phía khác nhau của đường cắt ($mn$) và giữa hai đường thẳng bị cắt ($xy$ và $x'y'$).","Trong Ví dụ 1, để xác định góc so le trong với góc \( xMN \), ta cần dựa vào khái niệm **góc so le trong** trong bối cảnh hai đường thẳng song song (được đề cập trong điều kiện \( m \parallel n \)).

Theo kiến thức hình học, **góc so le trong** là cặp góc nằm ở hai phía khác nhau của đường thẳng cắt (đường chéo), nằm trong hai đường thẳng song song, và được tạo bởi một đường cắt ngang (đường transversal). Cặp góc này có tính chất **bằng nhau** khi hai đường thẳng song song.

Tuy nhiên, do không có hình ảnh hoặc chi tiết cụ thể về hình 3.7 (hình minh họa) trong Ví dụ 1, ta không thể xác định chính xác tên gọi của góc so le trong với \( xMN \) từ dữ liệu văn bản hiện có.

**Nhưng dựa trên cấu trúc hình học thông thường**, nếu \( xMN \) là một góc nằm ở phía bên trái, trong hai đường thẳng song song \( m \) và \( n \), thì góc so le trong với nó sẽ là góc nằm ở phía bên phải, cũng trong hai đường thẳng đó, và được tạo bởi cùng một đường cắt ngang.

👉 **Kết luận**:  
Góc so le trong với \( xMN \) là góc **đối diện với nó qua đường cắt ngang và nằm trong hai đường thẳng song song**. Trong hình minh họa (nếu có), đó sẽ là góc được ký hiệu tương ứng ở vị trí đối xứng qua đường cắt, nằm trong hai đường thẳng song song.

Nếu bạn có hình 3.7 hoặc mô tả chi tiết hơn về vị trí của góc \( xMN \), mình có thể xác định chính xác tên góc đó.

---

**Lưu ý**: Vì không có hình ảnh hoặc chi tiết hình học cụ thể, mình chỉ có thể đưa ra định nghĩa và cách xác định góc so le trong dựa trên lý thuyết hình học. Nếu bạn cung cấp thêm thông tin từ hình 3.7 hoặc mô tả vị trí các góc, mình sẽ giúp xác định chính xác góc cần tìm.",M Ny',0,0.33333333333333337,0.7037037037037037,0,0.0,0.0,0.13377609108159394,0.015444015444015444,NO
29,95432,"Trong Ví dụ 1, góc đồng vị với mMy là góc nào?",Góc đồng vị với $\widehat{mMy}$ là $\widehat{MNy'}$.,"Trong Ví dụ 1, để xác định góc đồng vị với góc **mMy**, ta cần hiểu rõ ngữ cảnh hình học và mối quan hệ giữa các góc khi hai đường thẳng song song (**m // n**) được cắt bởi một đường transversal.

Tuy nhiên, trong đoạn mô tả của Ví dụ 1 bạn cung cấp, **không có thông tin cụ thể về “góc mMy”** — tức là không có định nghĩa rõ ràng về “mMy” là góc nào trong hình 3.7 hoặc hình 3.17. Đây có thể là một ghi chú hoặc ký hiệu không rõ ràng trong tài liệu gốc, hoặc có thể là lỗi đánh máy (ví dụ: có thể bạn muốn nói đến **góc My** hoặc **góc M** hoặc **góc tại M**).

Ngoài ra, trong tài liệu, các góc được đề cập là: **F₂, E₄, F₁, F₄**, và điều kiện **m // n** — tức là hai đường thẳng song song, và có thể có một đường transversal cắt chúng, tạo ra các góc đồng vị, so le trong, v.v.

---

### Phân tích khái niệm “góc đồng vị”:

- Góc đồng vị là hai góc nằm ở **cùng một phía của đường transversal** và **cùng một phía của hai đường thẳng song song**.
- Ví dụ: nếu đường transversal cắt hai đường thẳng song song, thì góc đồng vị sẽ nằm ở vị trí tương ứng nhau ở hai phía của transversal.

---

### Kết luận:

Do **không có định nghĩa rõ ràng về góc mMy** trong tài liệu, và không có hình ảnh hoặc thông tin cụ thể để xác định vị trí của nó, **không thể xác định chính xác góc đồng vị với góc mMy**.

Tuy nhiên, nếu bạn có thể cung cấp thêm thông tin như:

- Hình 3.7 hoặc 3.17 (nếu có)
- Định nghĩa cụ thể của “mMy” (ví dụ: góc tại M, góc My, góc giữa m và My, v.v.)
- Hoặc xác nhận lại ký hiệu “mMy” có phải là lỗi đánh máy không?

→ Tôi có thể giúp bạn xác định chính xác góc đồng vị tương ứng.

---

**Lưu ý**: Trong tài liệu, các góc được đề cập là **F₂, E₄, F₁, F₄** — nếu “mMy” là một trong số đó, hoặc có thể là góc tương ứng với một trong các góc này, bạn cần xác định rõ vị trí của nó để xác định góc đồng vị.

---

✅ **Tóm lại**:  
**Không thể xác định góc đồng vị với góc mMy** vì không có thông tin đủ để định nghĩa góc đó trong Ví dụ 1. Bạn cần cung cấp thêm thông tin hoặc xác minh ký hiệu “mMy”.

---",M Ny',0,0.02708803611738149,0.6666666666666666,0,0.0,0.0,0.02518891687657431,0.14035087719298245,NO
30,16869,"Theo nội dung trong ảnh, chị Q và anh H đã sử dụng dịch vụ tín dụng như thế nào, và cách sử dụng của ai được đánh giá là có trách nhiệm hơn?","Theo nội dung trong ảnh, **chị Q** và **anh H** sử dụng dịch vụ tín dụng như sau:  

- **Chị Q**: Sử dụng **dịch vụ thẻ tín dụng** một cách có trách nhiệm. Cụ thể, chị luôn **thanh toán đúng hạn** và thường xuyên nhận được các ưu đãi tín dụng từ ngân hàng.  
- **Anh H**: Sử dụng **dịch vụ vay thế chấp** nhưng **chưa có trách nhiệm** vì không trả nợ đúng hạn.  

**Cách sử dụng của chị Q được đánh giá là có trách nhiệm hơn**. Lý do:  
- Việc thanh toán đúng hạn giúp chị Q xây dựng lòng tin với ngân hàng, đồng thời nhận được nhiều ưu đãi (như lãi suất thấp, hạn mức vay cao).  
- Ngược lại, anh H không trả nợ đúng hạn dẫn đến rủi ro cho ngân hàng và bản thân, thể hiện thiếu trách nhiệm trong quản lý tài chính.  

Điều này phù hợp với nguyên tắc chung về sử dụng dịch vụ tín dụng: **tuân thủ cam kết với ngân hàng** (đóng tiền đúng hạn, sử dụng đúng mục đích) sẽ giúp duy trì uy tín và tiếp cận các dịch vụ thuận lợi hơn.","Dựa trên nội dung trong ảnh và thông tin từ knowledge graph, cách sử dụng dịch vụ tín dụng của **chị Q** và **anh H** được phân tích như sau:

---

### **1. Cách sử dụng dịch vụ tín dụng của chị Q:**

Chị Q được đánh giá là **sử dụng dịch vụ tín dụng một cách có trách nhiệm**, thể hiện qua:

- **Luôn thanh toán đúng hạn** → cho thấy chị có thói quen quản lý tài chính tốt, không để nợ quá hạn.
- **Nhận được ưu đãi từ ngân hàng** → điều này cho thấy chị Q được ngân hàng đánh giá cao, có lịch sử tín dụng tốt, tuân thủ điều khoản sử dụng thẻ.
- **Lối sống đáng tin cậy** → phản ánh sự minh bạch, tuân thủ cam kết tài chính, không vi phạm điều khoản tín dụng.

→ **Chị Q sử dụng dịch vụ tín dụng một cách bền vững, có trách nhiệm và được hệ thống tài chính công nhận.**

---

### **2. Cách sử dụng dịch vụ tín dụng của anh H:**

Trong knowledge graph **không có thông tin cụ thể về anh H**. Tuy nhiên, dựa trên nội dung trong ảnh (nếu có hình ảnh minh họa hoặc dữ liệu liên quan đến anh H), có thể thấy:

- Anh H có thể **thường xuyên sử dụng thẻ tín dụng vượt quá khả năng chi trả**, hoặc **thanh toán trễ hạn**, dẫn đến nợ xấu hoặc bị phạt.
- Có thể anh H **không quản lý tài chính tốt**, hoặc **sử dụng tín dụng để chi tiêu không cần thiết**, gây áp lực tài chính.

→ **Anh H có dấu hiệu sử dụng dịch vụ tín dụng thiếu trách nhiệm**, có thể dẫn đến rủi ro tài chính hoặc ảnh hưởng đến uy tín tín dụng.

---

### **So sánh và kết luận:**

- **Chị Q** → sử dụng tín dụng **có trách nhiệm**, minh bạch, đúng hạn, được ngân hàng ưu đãi → **được đánh giá cao**.
- **Anh H** → không có thông tin chi tiết trong knowledge graph, nhưng dựa trên ảnh, có thể suy ra anh H **sử dụng tín dụng thiếu kiểm soát**, có thể gây rủi ro.

→ **Vì vậy, cách sử dụng dịch vụ tín dụng của chị Q được đánh giá là có trách nhiệm hơn so với anh H.**

---

✅ **Kết luận:** Chị Q là người sử dụng dịch vụ tín dụng có trách nhiệm, trong khi anh H có dấu hiệu thiếu kiểm soát. Do đó, **chị Q được đánh giá là có trách nhiệm hơn**.","Chị Q sử dụng dịch vụ tín dụng có trách nhiệm, luôn thanh toán đúng hạn và thường xuyên nhận ưu đãi. Anh H sử dụng dịch vụ tín dụng không có trách nhiệm vì không trả nợ đúng hạn. Cách sử dụng của chị Q được đánh giá là có trách nhiệm hơn.",0,0.4638157894736842,0.7268041237113402,0,0.435483870967742,0.27835051546391754,0.19674502712477396,0.210431654676259,YES
31,16869,Ảnh đề xuất những lợi ích nào của việc sử dụng dịch vụ tín dụng một cách có trách nhiệm?,"Theo nội dung trong ảnh, việc sử dụng dịch vụ tín dụng **có trách nhiệm** mang lại các lợi ích sau:  
1. **Xây dựng lòng tin tín dụng** với tổ chức cấp tín dụng, giúp quá trình vay vốn sau này trở nên dễ dàng hơn.  
2. **Nhận được nhiều ưu đãi** từ phía ngân hàng hoặc tổ chức tín dụng (ví dụ: lãi suất ưu đãi, hạn mức tín dụng cao hơn).  
3. **Thể hiện lối sống có trách nhiệm và đáng tin cậy**, góp phần nâng cao uy tín cá nhân trong hệ thống tài chính.  

Điều này được nêu rõ trong phần *Gợi ý trả lời*:  
*""Sử dụng dịch vụ tín dụng có trách nhiệm sẽ xây dựng lòng tin tín dụng với bên cấp tín dụng, giúp quá trình vay tín dụng trở nên dễ dàng hơn và nhận được nhiều ưu đãi từ bên cấp tín dụng. Đồng thời thể hiện lối sống có trách nhiệm và đáng tin cậy của người sử dụng tín dụng.""*","Dựa trên thông tin từ **Knowledge Graph (KG)**, việc sử dụng **dịch vụ tín dụng một cách có trách nhiệm** mang lại những lợi ích sau:

---

### 1. **Đảm bảo sự ổn định tài chính**
- Khi cá nhân và doanh nghiệp sử dụng tín dụng một cách có trách nhiệm (tức là trả nợ đúng hạn, không vay quá mức khả năng), họ góp phần vào sự ổn định của hệ thống tài chính vĩ mô.
- Điều này giúp giảm thiểu rủi ro tín dụng, từ đó ngăn ngừa các cuộc khủng hoảng tài chính có thể xảy ra.

---

### 2. **Tạo lòng tin giữa các bên trong hệ thống tài chính**
- Việc tuân thủ nghĩa vụ trả nợ giúp xây dựng uy tín với ngân hàng và các tổ chức tài chính.
- Lòng tin này là nền tảng để các bên tiếp tục giao dịch, mở rộng tín dụng và hỗ trợ tài chính lâu dài.

---

### 3. **Hỗ trợ phát triển kinh tế và doanh nghiệp**
- Doanh nghiệp sử dụng tín dụng có trách nhiệm để đầu tư, mở rộng sản xuất, nâng cao năng lực cạnh tranh.
- Cá nhân có thể tiếp cận vốn để đầu tư vào giáo dục, y tế, hoặc khởi nghiệp – góp phần thúc đẩy tăng trưởng kinh tế bền vững.

---

### 4. **Cải thiện khả năng tiếp cận tín dụng trong tương lai**
- Những người sử dụng tín dụng có trách nhiệm thường được xếp hạng tín dụng tốt hơn, giúp họ dễ dàng tiếp cận các sản phẩm tài chính ưu đãi hơn trong tương lai.
- Điều này tạo điều kiện cho việc nâng cao chất lượng cuộc sống và khả năng phục hồi tài chính khi gặp rủi ro.

---

### 5. **Giảm gánh nặng tài chính và rủi ro phá sản**
- Sử dụng tín dụng có trách nhiệm giúp kiểm soát chi tiêu và nợ nần, tránh tình trạng quá tải tài chính.
- Điều này giảm nguy cơ phá sản cá nhân hoặc doanh nghiệp, đồng thời giảm áp lực lên hệ thống pháp lý và tài chính.

---

> **Lưu ý**: Các lợi ích trên được tổng hợp từ kiến thức hệ thống (Knowledge Graph) và không dựa trên hình ảnh cụ thể. Nếu bạn có hình ảnh bổ sung (ví dụ: slide, biểu đồ, tài liệu), có thể cung cấp thêm chi tiết để so sánh hoặc bổ sung thêm góc nhìn.

---

✅ **Tóm lại**: Sử dụng dịch vụ tín dụng có trách nhiệm không chỉ giúp cá nhân và doanh nghiệp quản lý tài chính tốt hơn, mà còn góp phần ổn định và phát triển bền vững cho cả hệ thống tài chính vĩ mô.","+ Giúp quá trình vay tín dụng trở nên dễ dàng hơn và nhận được nhiều ưu đãi từ bên cấp tín dụng.  
+ Đồng thời thể hiện lối sống có trách nhiệm và đáng tin cậy của người sử dụng tín dụng.",0,0.4019607843137255,0.7192982456140351,0,0.3867924528301887,0.23976608187134502,0.15214285714285714,0.3860021208907741,NO
32,16869,"Theo hướng dẫn trong ảnh, người sử dụng dịch vụ tín dụng cần cân nhắc những yếu tố nào để đảm bảo sử dụng tiền vay một cách phù hợp?","Theo hướng dẫn trong ảnh, người sử dụng dịch vụ tín dụng cần cân nhắc hai yếu tố chính để đảm bảo sử dụng tiền vay phù hợp:  
1. **Thực hiện đúng cam kết với bên cho vay**: Tuân thủ thời hạn thanh toán, lãi suất và các điều khoản đã thỏa thuận khi vay vốn.  
2. **Phù hợp với năng lực tài chính cá nhân**: Chỉ vay số tiền và mục đích sử dụng trong khả năng chi trả của bản thân, tránh vượt quá khả năng trả nợ.  

Việc này giúp duy trì uy tín, tránh rủi ro nợ xấu và đảm bảo lối sống có trách nhiệm với dịch vụ tín dụng.","Dựa trên hướng dẫn trong ảnh (mặc dù nội dung hình ảnh không được hiển thị trực tiếp, nhưng có thể suy luận từ ngữ cảnh và kiến thức phổ biến về sử dụng tín dụng), người sử dụng dịch vụ tín dụng cần cân nhắc các yếu tố sau để đảm bảo sử dụng tiền vay một cách phù hợp:

---

### 1. **Mục đích sử dụng vốn vay**
- Cần xác định rõ ràng mục đích vay (ví dụ: mua nhà, đầu tư, chi phí học tập, sửa chữa nhà cửa...) để đảm bảo khoản vay được sử dụng đúng mục đích và mang lại hiệu quả kinh tế.
- Tránh sử dụng vốn vay cho các mục đích không sinh lời, không cần thiết hoặc có thể gây rủi ro tài chính.

---

### 2. **Khả năng trả nợ**
- Đánh giá kỹ năng tài chính cá nhân: thu nhập ổn định, chi tiêu hợp lý, các khoản nợ hiện tại và khả năng chi trả lãi + gốc trong suốt kỳ hạn vay.
- Tránh vay quá mức so với khả năng chi trả để tránh rủi ro mất khả năng trả nợ (default), ảnh hưởng đến tín dụng cá nhân và gây tổn hại đến tài chính dài hạn.

---

### 3. **Lãi suất và điều khoản vay**
- So sánh lãi suất giữa các tổ chức tín dụng để chọn lựa phương án có chi phí thấp nhất.
- Cẩn trọng với các điều khoản vay phức tạp, phí ẩn, hoặc điều kiện ràng buộc không rõ ràng.
- Đọc kỹ hợp đồng trước khi ký để hiểu rõ nghĩa vụ và quyền lợi.

---

### 4. **Thời hạn vay và kế hoạch tài chính**
- Lựa chọn kỳ hạn phù hợp với khả năng chi trả và mục tiêu tài chính dài hạn.
- Lập kế hoạch tài chính chi tiết để đảm bảo khoản vay không ảnh hưởng đến các mục tiêu tài chính khác (như tiết kiệm, đầu tư, chi tiêu sinh hoạt).

---

### 5. **Rủi ro và hậu quả nếu không trả nợ đúng hạn**
- Hiểu rõ hậu quả nếu không trả nợ đúng hạn: lãi suất phạt, ảnh hưởng đến tín dụng cá nhân, thậm chí bị thu hồi tài sản hoặc bị kiện tụng.
- Chuẩn bị kế hoạch dự phòng trong trường hợp gặp khó khăn tài chính.

---

**Tóm lại**, để sử dụng tiền vay một cách phù hợp, người vay cần có sự cân nhắc kỹ lưỡng về mục đích, khả năng chi trả, điều khoản vay và rủi ro tiềm ẩn, đồng thời lập kế hoạch tài chính rõ ràng để đảm bảo khoản vay không trở thành gánh nặng mà là công cụ hỗ trợ phát triển tài chính cá nhân.

*(Lưu ý: Nếu có hình ảnh cụ thể với hướng dẫn chi tiết, nội dung có thể được điều chỉnh để phù hợp hơn với hướng dẫn trong ảnh.)*","Cần cân nhắc nhu cầu sử dụng tiền vay, thời hạn thanh toán, lãi suất và năng lực tài chính cá nhân.",0,0.2808798646362098,0.7217391304347827,0,0.29197080291970806,0.17391304347826086,0.14926498303807012,0.31353135313531355,NO
33,76605,"Trong bài tập 3a, từ nào trong đoạn văn miêu tả sầu riêng cần điền 'r', 'd' hoặc 'gi' vào chỗ trống?","Trong bài tập 3a, các từ cần điền **r**, **d** hoặc **gi** vào chỗ trống trong đoạn văn miêu tả sầu riêng là:  
- **""riêng""** (ở hai vị trí: *""Sầu ___iêng""*),  
- **""rất""** (ở *""bay ___ất xa""*),  
- và có thể là **""dà""** hoặc **""già""** (ở *""mật ong ___à hạn""*).  

Tuy nhiên, từ **nổi bật nhất** và **phổ biến** trong bài là **""riêng""** (điền **r**) và **""rất""** (điền **r**), vì đây là những từ thường gặp trong bài tập phân biệt **r/d/gi**. Cụ thể:  
- **""Sầu riêng""** (không viết ""sầu diêng"" hay ""sầu giêng"").  
- **""Bay rất xa""** (không viết ""bay dất xa"" hay ""bay giất xa"").  

Đáp án chính xác cho câu hỏi này là: **""riêng""** và **""rất""** (cần điền chữ **r**).","Hiện tại, **không thể xác định chính xác từ cần điền trong bài tập 3a** vì:

- **Knowledge Graph** không cung cấp thông tin cụ thể về nội dung đoạn văn miêu tả sầu riêng, cũng như không ghi nhận bất kỳ chi tiết nào liên quan đến bài tập 3a, các từ cần điền 'r', 'd' hoặc 'gi', hoặc ngữ cảnh cụ thể của bài tập này.
- Không có hình ảnh hoặc văn bản chi tiết từ tài liệu (trang sách, slide, v.v.) được cung cấp để xác minh nội dung đoạn văn hoặc chỗ trống cần điền.

👉 **Để trả lời chính xác**, bạn cần cung cấp:
- Nội dung đoạn văn miêu tả sầu riêng (hoặc hình ảnh trang sách chứa bài tập 3a),
- Hoặc chỉ ra cụ thể chỗ trống trong đoạn văn cần điền 'r', 'd', hoặc 'gi'.

Ví dụ: Nếu đoạn văn có câu như:  
> “Sầu riêng có mùi... rất đặc trưng” → thì cần điền **“r”** vào chỗ trống → “mùi **r**ất đặc trưng”.

Hoặc:  
> “Sầu riêng có vị... ngọt ngào” → cần điền **“d”** → “vị **d** ngọt ngào”.

Hoặc:  
> “Sầu riêng có quả... to” → cần điền **“gi”** → “quả **gi** to”.

👉 **Tóm lại**: Không có đủ thông tin để xác định từ cần điền. Vui lòng cung cấp đoạn văn hoặc hình ảnh liên quan để tôi giúp bạn giải bài tập chính xác!

---  
*Chú ý: Nếu bạn đang học bài “Sầu riêng” (trang 43 SGK Tiếng Việt lớp 5, tập 2), thì thường bài tập 3a yêu cầu điền từ chứa âm “r”, “d”, “gi” vào chỗ trống trong đoạn văn miêu tả đặc điểm của sầu riêng. Ví dụ: “mùi **r**ất đặc trưng”, “vị **d** ngọt ngào”, “quả **gi** to”. Bạn có thể kiểm tra lại nội dung đoạn văn trong sách để xác định chính xác từ cần điền.*",sầu riêng,0,0.29577464788732394,0.525,0,0.03278688524590164,0.016666666666666666,0.07661290322580645,0.03130434782608696,NO
34,76605,"Bài tập 2 yêu cầu chọn từ nào để điền vào chỗ trống: 'dút/rút' đi với từ nào trong các lựa chọn 'biển', 'dòng', 'chơi', 'thong', 'rêu', 'bút', 'khoát', 'day', '(khóc) rấm', 'điểm'?","Trong bài tập 2, từ cần điền **""rút""** kết hợp với **""khoát""** (tạo thành cụm **""rút khoát""** – nghĩa là *dứt khoát, quyết đoán*). 

Cụ thể:
- **""rút khoát""** là cụm từ đúng theo quy tắc chính tả tiếng Việt, trong khi **""dút khoát""** không tồn tại.  
- Các lựa chọn khác như ""bút"", ""day"", ""(khóc) rấm"", ""điểm"" không ghép được với ""dút/rút"" để tạo thành từ ngữ có nghĩa.  

→ Đáp án: **rút** (kết hợp với **khoát**).","Dựa trên phân tích từ vựng và ngữ cảnh sử dụng trong bài tập luyện từ ngữ (theo kiến thức từ Knowledge Graph và logic ngữ pháp tiếng Việt), ta cần chọn từ phù hợp để điền vào chỗ trống với cặp từ **“dút/rút”** trong các lựa chọn:  
**'biển', 'dòng', 'chơi', 'thong', 'rêu', 'bút', 'khoát', 'day', '(khóc) rấm', 'điểm'**.

---

### Phân tích từng từ:

#### 1. **“Rút”** – động từ chỉ hành động **kéo ra, lấy ra, hoặc loại bỏ**.  
- **Rút sách ra khỏi tủ** → hợp lý.  
- **Rút chân ra khỏi bùn** → hợp lý.  
- **Rút lui** → hợp lý.  
- **Rút ngắn** → hợp lý.  
→ “Rút” thường dùng với các vật thể, hành động kéo ra, hoặc rút lui, rút ngắn, rút lui khỏi trận địa.

#### 2. **“Dút”** – động từ chỉ hành động **rút ra từ trong**, thường mang sắc thái **“rút ra từ trong một vật chứa” hoặc “rút ra từ trong một tình huống”**.  
- **Dút bút ra khỏi túi** → rất phổ biến và đúng ngữ cảnh.  
- **Dút que diêm ra khỏi hộp** → đúng.  
→ “Dút” thường dùng với các vật nhỏ, được giữ trong túi, hộp, hoặc trong tay.

---

### Kiểm tra từng lựa chọn:

- **biển** → không hợp với “rút” hay “dút” → *rút biển? dút biển?* → không có nghĩa.  
- **dòng** → “rút dòng” (rút dòng nước, dòng sông) → có thể hợp lý, nhưng “dút dòng” không hợp.  
- **chơi** → “rút chơi”? “dút chơi”? → không hợp ngữ pháp.  
- **thong** → “rút thong”? “dút thong”? → không có nghĩa.  
- **rêu** → “rút rêu”? “dút rêu”? → không hợp.  
- **bút** → **“dút bút”** → **rất phổ biến và đúng ngữ cảnh** → *dút bút ra khỏi túi* → đúng.  
- **khoát** → “rút khoát”? “dút khoát”? → không hợp.  
- **day** → “rút day”? “dút day”? → không hợp.  
- **(khóc) rấm** → “rút rấm”? “dút rấm”? → không hợp.  
- **điểm** → “rút điểm”? “dút điểm”? → không hợp.

---

### Kết luận:

Trong các lựa chọn, **chỉ có “bút”** là từ hợp lý để điền với **“dút”** → **“dút bút”** là cụm từ phổ biến trong tiếng Việt.

→ **“rút”** không hợp với bất kỳ từ nào trong danh sách (trừ “rút dòng” – nhưng “rút dòng” không phải là cụm từ phổ biến như “rút lui”, “rút ngắn”, “rút sách”... và không có nghĩa rõ ràng trong ngữ cảnh này).

---

### ✅ Đáp án cuối cùng:

> **“bút”** – đi với **“dút”** → **“dút bút”**

---

### 💡 Ghi chú bổ sung:

Nếu bài tập yêu cầu chọn **một từ đi với “dút” hoặc “rút”**, thì **“bút”** là từ duy nhất hợp lý.  
Các từ khác không tạo thành cụm từ hợp ngữ pháp hoặc không có nghĩa trong tiếng Việt.

---

✅ **Đáp án: “bút”**",bút,0,0.23721881390593047,0.7733333333333333,0,0.02631578947368421,0.013333333333333334,0.06178217821782178,0.015665796344647518,NO
35,76605,"Theo đoạn văn miêu tả sầu riêng, hương vị của sầu riêng được so sánh với những loại trái cây và thực phẩm nào?","Theo đoạn văn miêu tả sầu riêng, hương vị của sầu riêng được so sánh với:  
- **Mít chín** (mùi thơm),  
- **Bưởi** (hương thơm),  
- **Trứng gà** (vị béo),  
- **Mật ong** (vị ngọt).  

Cụ thể: *""Sầu riêng thơm mùi thơm của mít chín quyện với hương bưởi, béo cái béo của trứng gà, ngọt cái vị của mật ong đắng hạn.""*","Theo đoạn văn miêu tả sầu riêng, hương vị của sầu riêng được so sánh với những loại trái cây và thực phẩm sau:

1. **Hương thơm của mít chín** – được dùng để miêu tả sự thơm ngon, đậm đà và đặc trưng của sầu riêng, gợi cảm giác ngọt ngào, béo ngậy như mít chín.

2. **Hương bưởi** – tác giả dùng từ “quyện với hương bưởi” để nhấn mạnh sự pha trộn phức tạp, vừa thanh mát vừa đậm đà trong hương vị sầu riêng.

3. **Vị béo của trứng gà** – so sánh này nhằm làm nổi bật độ béo đặc trưng, mềm mịn và “béo ngậy” của thịt sầu riêng, gợi liên tưởng đến vị béo của trứng gà – một thực phẩm quen thuộc nhưng lại rất phù hợp để miêu tả độ béo đặc trưng của sầu riêng.

4. **Vị ngọt của mật ong** – dùng để nhấn mạnh sự ngọt thanh, đậm đà và “ngọt ngào” trong hương vị sầu riêng, tương tự như vị ngọt đặc trưng của mật ong.

Tất cả những so sánh này đều được trích dẫn từ đoạn văn của **tác giả Mai Văn Tạo**, nhằm làm nổi bật sự độc đáo, phức tạp và đậm đà của hương vị sầu riêng – một loại trái cây được mệnh danh là “vua của các loại trái cây” nhờ sự kết hợp hài hòa giữa mùi thơm, vị ngọt, vị béo và độ đậm đà khó tả.

👉 **Tóm lại**, hương vị sầu riêng được so sánh với:  
- **Mít chín** (hương thơm),  
- **Bưởi** (hương vị),  
- **Trứng gà** (vị béo),  
- **Mật ong** (vị ngọt).

Đây là những hình ảnh so sánh sinh động, giúp người đọc dễ dàng hình dung và cảm nhận được sự đặc biệt của sầu riêng qua ngôn ngữ văn học giàu hình ảnh.","mít chín quện, hương bưởi, béo cái béo của trứng gà, ngọt cái vị của mật ong.",0,0.2880886426592798,0.8813559322033898,0,0.42105263157894735,0.2711864406779661,0.15282791817087846,0.41643835616438357,YES
36,77216,"Trong đoạn văn ""Rừng xuân"", tác giả NGÔ QUÂN MIỆN đã sử dụng những hình ảnh so sánh nào để miêu tả vẻ đẹp của rừng xuân, và chúng được so sánh với những gì?","Trong đoạn văn **""Rừng xuân""** của tác giả **NGÔ QUÂN MIỆN**, có **4 hình ảnh so sánh** được sử dụng để miêu tả vẻ đẹp của rừng xuân, cụ thể như sau:

---

### **1. Hình ảnh so sánh thứ nhất**  
- **Sự vật 1**: *Vệt sương mỏng*  
- **Được so sánh với**: *Chiếc khăn voan*  
- **Câu văn**: *""Trời xuân chỉ hơi lạnh, vừa đủ để giữ một vệt sương mỏng như chiếc khăn voan vắt trên sườn đồi.""*  

→ Tác giả so sánh **vệt sương mỏng** (đặc điểm: nhẹ nhàng, trong suốt) với **chiếc khăn voan** (vật mềm mại, mỏng manh), tạo cảm giác dịu dàng, tinh tế cho khung cảnh xuân.

---

### **2. Hình ảnh so sánh thứ hai**  
- **Sự vật 1**: *Rừng xuân*  
- **Được so sánh với**: *Một ngày hội của màu xanh*  
- **Câu văn**: *""Rừng hôm nay như một ngày hội của màu xanh với nhiều sắc độ khác nhau.""*  

→ Rừng xuân được ví như **ngày hội**, nhấn mạnh sự đa dạng, rực rỡ và sinh động của các sắc xanh (xanh non, xanh thẳm...).

---

### **3. Hình ảnh so sánh thứ ba**  
- **Sự vật 1**: *Những đốm lá già đỏ*  
- **Được so sánh với**: *Hồng ngọc*  
- **Câu văn**: *""Những giữa đám lá xanh vẫn rớt lại những đốm lá già đỏ như hồng ngọc.""*  

→ **Lá già đỏ** (màu sắc nổi bật giữa nền xanh) được so sánh với **hồng ngọc** (viên ngọc quý, ánh đỏ rực), làm nổi bật vẻ đẹp lấp lánh, quý phái của rừng xuân.

---

### **4. Hình ảnh so sánh thứ tư**  
- **Sự vật 1**: *Chùm hoa chổi chang*  
- **Được so sánh với**: *Ngọn lửa*  
- **Câu văn**: *""Ở phía xa, những chùm hoa chổi chang như những ngọn lửa thắp sáng một vùng.""*  

→ **Hoa chổi chang** (màu sắc rực rỡ) được ví như **ngọn lửa**, gợi cảm giác ấm áp, tràn đầy sức sống, làm bừng sáng cả khu rừng.

---

### **Tóm lại**:  
Tác giả sử dụng 4 hình ảnh so sánh để khắc họa vẻ đẹp **tinh tế, đa dạng và rực rỡ** của rừng xuân, qua đó thể hiện tình yêu thiên nhiên và sự quan sát tinh tường trước vẻ đẹp của đất trời mùa xuân.","Trong đoạn văn **""Rừng xuân""** của tác giả **NGÔ QUÂN MIỆN**, nhà văn đã sử dụng những hình ảnh so sánh sinh động, giàu hình ảnh để miêu tả vẻ đẹp rực rỡ, thơ mộng và đầy sức sống của rừng xuân. Cụ thể:

1. **“rừng xanh như ngày hội màu sắc”**  
   → So sánh **rừng xanh** với **ngày hội màu sắc**, gợi lên không gian tràn đầy sắc màu, rực rỡ và lễ hội của thiên nhiên vào mùa xuân. Hình ảnh này nhấn mạnh sự phong phú, sống động và tràn đầy năng lượng của rừng xuân.

2. **“những đốm lá già như ngọc”**  
   → So sánh **lá già** với **ngọc**, thể hiện sự quý giá, trong trẻo, lấp lánh của những chiếc lá dù đã già. Cách so sánh này mang tính thẩm mỹ cao, làm nổi bật vẻ đẹp tinh tế, bền bỉ và giá trị của thiên nhiên.

3. **“hoa chòi chang như ngọn lửa”**  
   → So sánh **hoa chòi chang** với **ngọn lửa**, gợi lên hình ảnh rực rỡ, ấm áp và đầy năng lượng, như thể rừng xuân đang cháy lên bởi sức sống mãnh liệt của mùa xuân.

Những hình ảnh so sánh này không chỉ làm nổi bật vẻ đẹp đa sắc, sống động của rừng xuân mà còn thể hiện sự quan sát tinh tế và cảm xúc sâu sắc của tác giả đối với thiên nhiên, mang đến cho người đọc cảm giác như đang hòa mình vào một bức tranh thiên nhiên đầy màu sắc và sức sống.

*(Lưu ý: Đây là tổng hợp từ nguồn kiến thức và không có hình ảnh trực tiếp từ tài liệu để bổ sung thêm chi tiết hình ảnh cụ thể.)*","- Một vệt sương mỏng như chiếc khăn voan vắt trên sườn đồi.
- Rừng hôm nay như một ngày hội của màu xanh.
- Những đốm lá già như đốm ngọc.
- Những chùm hoa chòi chang như những ngọn lửa thắp sáng một vùng.",0,0.5325077399380805,0.479108635097493,0,0.20448877805486285,0.11420612813370473,0.08421052631578947,0.018172100481026188,YES
37,77216,"Bài tập 3 trong ""Tiết 4"" yêu cầu học sinh làm gì với các hình ảnh so sánh trong đoạn văn ""Rừng xuân""?","Bài tập 3 trong ""Tiết 4"" yêu cầu học sinh **xếp các hình ảnh so sánh có trong đoạn văn ""Rừng xuân"" vào bảng** với các cột sau:  
- **Sự vật 1**: Đối tượng được so sánh (sự vật gốc).  
- **Đặc điểm**: Tính chất/nét nổi bật của sự vật 1.  
- **Từ so sánh**: Từ nối (ví dụ: *như*, *giống*, *tựa*...).  
- **Sự vật 2**: Đối tượng dùng để so sánh (sự vật được ví).  

Cụ thể, học sinh cần:  
1. **Tìm các câu văn chứa hình ảnh so sánh** trong đoạn ""Rừng xuân"".  
2. **Phân tích từng hình ảnh so sánh** và điền thông tin vào bảng theo mẫu.  

Ví dụ từ đoạn văn:  
- *""một vệt sương mỏng **như** chiếc khăn voan""* →  
  - Sự vật 1: *một vệt sương*  
  - Đặc điểm: *mỏng*  
  - Từ so sánh: *như*  
  - Sự vật 2: *chiếc khăn voan*  

- *""Rừng hôm nay **như** một ngày hội của màu xanh""* →  
  - Sự vật 1: *Rừng*  
  - Đặc điểm: *một ngày hội của màu xanh*  
  - Từ so sánh: *như*  
  - Sự vật 2: *một ngày hội của màu xanh*  

Mục đích của bài tập là giúp học sinh **nhận diện cấu trúc so sánh**, phân tích yếu tố tạo nên hình ảnh sinh động trong văn bản.","Dựa trên thông tin hiện có, **không thể xác định chính xác nội dung yêu cầu cụ thể của Bài tập 3 trong ""Tiết 4""** liên quan đến việc học sinh làm gì với các hình ảnh so sánh trong đoạn văn **""Rừng xuân""**, vì:

- Trong **knowledge graph**, phần mô tả **Tiết 4** chỉ nêu tổng quan các hoạt động như: đánh giá kỹ năng đọc thành tiếng, học thuộc lòng, nghe – viết, và **không phân tích chi tiết từng bài tập riêng lẻ**, đặc biệt là **Bài tập 3**.
- Không có thông tin nào trong knowledge graph hoặc văn bản được cung cấp nói rõ **yêu cầu cụ thể** của Bài tập 3 đối với việc so sánh hình ảnh trong đoạn văn ""Rừng xuân"".
- Có một **bảng so sánh hình ảnh** (ID: 2) được liệt kê trong knowledge graph, có thể là tài liệu hỗ trợ, nhưng **không có hướng dẫn hoặc yêu cầu học sinh phải làm gì với các hình ảnh đó**.

→ **Kết luận**: Dựa trên dữ liệu hiện có, **không có thông tin cụ thể về nội dung Bài tập 3 yêu cầu học sinh làm gì với các hình ảnh so sánh trong đoạn văn ""Rừng xuân""**. Cần kiểm tra thêm tài liệu giáo án, sách giáo khoa hoặc hình ảnh minh họa thực tế của Tiết 4 để xác định yêu cầu cụ thể của bài tập này.

*(Lưu ý: Nếu bạn có hình ảnh minh họa hoặc nội dung chi tiết của Tiết 4, mình có thể giúp phân tích cụ thể hơn.)*","Xếp các hình ảnh so sánh trong đoạn văn ""Rừng xuân"" vào bảng dưới đây.",0,0.34913793103448276,0.39901477832512317,0,0.11926605504587157,0.06403940886699508,0.06896551724137931,0.132,NO
38,77216,"Ngoài việc đánh giá kỹ năng đọc thành tiếng và học thuộc lòng, bài tập nào khác được yêu cầu trong ""Tiết 4""?","Ngoài việc đánh giá kỹ năng đọc thành tiếng và học thuộc lòng (bài tập 1), **Tiết 4** còn yêu cầu học sinh thực hiện hai bài tập sau:  
1. **Nghe – viết** (bài tập 2): Viết lại đoạn văn ""Rừng xuân"" sau khi nghe giáo viên đọc.  
2. **Xếp các hình ảnh so sánh vào bảng** (bài tập 3): Phân tích và điền thông tin về sự vật được so sánh, đặc điểm, từ so sánh và sự vật dùng để so sánh trong đoạn văn ""Rừng xuân"" vào bảng đã cho.","Ngoài việc đánh giá kỹ năng đọc thành tiếng và học thuộc lòng, trong ""Tiết 4"" còn yêu cầu hai bài tập khác:

1. **Nghe – viết** – một hoạt động thường được sử dụng để rèn luyện kỹ năng nghe và viết chính tả, giúp học sinh củng cố nội dung bài học.

2. **Bài tập so sánh hình ảnh trong đoạn văn ""Rừng xuân""** – cụ thể là yêu cầu học sinh xếp các hình ảnh tương ứng vào bảng theo các cột như “Sự vật”, “Màu sắc”, “Hình ảnh”, nhằm giúp học sinh phân tích và so sánh hình ảnh trong văn bản, từ đó hiểu sâu hơn về nội dung và cách miêu tả của tác giả.

Cả hai bài tập này đều được xác nhận từ nguồn knowledge graph và được minh họa rõ ràng trong hình ảnh tài liệu, giúp học sinh thực hành và vận dụng kiến thức một cách tích cực trong tiết học.",Nghe - viết,0,0.4860557768924303,0.6630434782608695,0,0.042553191489361694,0.021739130434782608,0.2975352112676056,0.0477326968973747,YES
39,94830,"Theo hướng dẫn trong tài liệu, giáo viên nên làm gì để giúp học sinh trả lời được câu hỏi về thành phần khí hít vào và thở ra ở người trong hoạt động khởi động?","Theo hướng dẫn trong tài liệu, để giúp học sinh trả lời câu hỏi về **thành phần khí hít vào và thở ra ở người** trong **Hoạt động 1. KHỞI ĐỘNG**, giáo viên cần thực hiện các bước sau:  

1. **Cung cấp thông tin và đặt câu hỏi trực tiếp**:  
   - Giáo viên đưa ra câu hỏi liên quan đến thành phần khí hít vào/thở ra ở cơ thể người ngay trong phần khởi động, **không yêu cầu học sinh quan sát hình ảnh** trước. Thay vào đó, khuyến khích học sinh **tự dựa vào kiến thức đã học** (hoặc hiểu biết sẵn có) để nêu ý kiến.  

2. **Hướng dẫn học sinh mô tả quá trình**:  
   - Yêu cầu học sinh **mô tả đường đi của khí** từ lúc hít vào đến khi thở ra, kết hợp với việc giải thích thành phần khí (ví dụ: O₂, CO₂) trong mỗi giai đoạn.  

3. **Hỗ trợ khi học sinh chưa trả lời được**:  
   - Nếu học sinh chưa trả lời được ngay, giáo viên **dẫn dắt học sinh xem lại bài học** (phần lý thuyết đã học trước đó) và quay lại trả lời sau khi ôn tập.  

→ Mục tiêu: Kích thích tư duy chủ động, phát huy kiến thức sẵn có của học sinh, đồng thời tạo tiền đề cho hoạt động tìm hiểu sâu hơn ở phần tiếp theo (Hoạt động 2).","Theo hướng dẫn trong tài liệu (được thể hiện trong **Hoạt động 2. TÌM HIỂU TRAO ĐỔI KHÍ Ở SINH VẬT**), giáo viên nên:

1. **Sử dụng tranh ảnh hoặc video minh họa** để giúp học sinh **hình thành khái niệm** về quá trình trao đổi khí, đặc biệt là ở người — bao gồm việc quan sát và phân tích thành phần khí hít vào (chủ yếu là khí oxi, CO₂ ít) và thở ra (chủ yếu là khí CO₂, oxi ít hơn).

2. **Tạo cơ hội quan sát, so sánh và tư duy phản biện** để học sinh tự rút ra kết luận:  
   - Khí hít vào (không khí) chứa nhiều oxi, ít CO₂.  
   - Khí thở ra chứa nhiều CO₂, ít oxi — do quá trình hô hấp tế bào đã sử dụng oxi và tạo ra CO₂.

3. **Kết hợp với hoạt động khởi động** (nếu có) bằng cách:  
   - Gợi ý học sinh quan sát hơi thở của mình khi nghỉ ngơi và khi vận động (ví dụ: hít sâu, thở ra, quan sát hơi thở có “mờ” hay không — do hơi thở ra chứa hơi nước và CO₂).  
   - Dùng dụng cụ đơn giản (như ống hút, ống nghiệm, hoặc giấy lọc) để quan sát sự thay đổi màu của dung dịch chỉ CO₂ (ví dụ: nước vôi trong) khi đưa hơi thở ra — giúp học sinh trực quan hóa thành phần khí thở ra.

→ **Tóm lại**, giáo viên nên **dùng hình ảnh/video minh họa + hoạt động thực hành quan sát trực tiếp** để giúp học sinh hiểu và trả lời được câu hỏi về thành phần khí hít vào và thở ra ở người trong hoạt động khởi động, từ đó hình thành khái niệm khoa học một cách trực quan và có cơ sở thực tế.","GV đưa ra thông tin và câu hỏi trong phần khởi động để HS trả lời. GV có thể không yêu cầu HS quan sát hình mà để HS tự đưa ra những hiểu biết về thành phần khí hít vào và thở ra ở cơ thể người và mô tả đường đi của khí từ nơi hít vào đến nơi thở ra. Sau khi HS trả lời, GV sẽ dẫn dắt HS tìm hiểu bài học và sau khi học xong bài sẽ quay lại trả lời.",0,0.48210922787193977,0.5517241379310345,0,0.43125,0.2974137931034483,0.10548523206751055,0.03597122302158273,NO
40,94830,"Trong hoạt động 'TÌM HIỂU TRAO ĐỔI KHÍ Ở SINH VẬT', giáo viên nên sử dụng phương tiện trực quan nào để hỗ trợ học sinh hiểu khái niệm trao đổi khí và phân biệt quá trình này ở động vật và thực vật?","Theo hướng dẫn trong tài liệu, trong hoạt động **""TÌM HIỂU TRAO ĐỔI KHÍ Ở SINH VẬT""**, giáo viên nên **sử dụng tranh ảnh hoặc video** về quá trình trao đổi khí ở động vật và thực vật để giúp học sinh:  
- Nêu được khái niệm trao đổi khí.  
- Phân biệt quá trình trao đổi khí giữa động vật và thực vật.  

Ngoài ra, giáo viên có thể kết hợp tổ chức cho học sinh tìm hiểu thông tin trong sách giáo khoa (SGK) và liên hệ kiến thức đã học để củng cố hiểu biết về các khí hít vào/thở ra ở từng nhóm sinh vật.","Trong hoạt động **“TÌM HIỂU TRAO ĐỔI KHÍ Ở SINH VẬT”**, giáo viên nên sử dụng **tranh ảnh và video** để hỗ trợ học sinh hiểu khái niệm trao đổi khí và phân biệt quá trình này ở động vật và thực vật.

Cụ thể:

- **Tranh ảnh**: Giúp trực quan hóa các cơ quan liên quan đến trao đổi khí như **phổi ở động vật** và **lá ở thực vật**, đồng thời minh họa quá trình hấp thụ khí oxi (O₂) và thải khí carbon dioxide (CO₂). Điều này giúp học sinh dễ dàng so sánh cấu trúc và chức năng giữa hai nhóm sinh vật.

- **Video**: Có thể minh họa các quá trình sinh học động như **quang hợp ở lá thực vật** (hấp thụ CO₂, giải phóng O₂) và **hô hấp ở phổi động vật** (hấp thụ O₂, thải CO₂), giúp học sinh quan sát trực tiếp các hiện tượng sinh học diễn ra trong thời gian thực, từ đó hình thành tư duy so sánh và phân tích.

Việc sử dụng phương tiện trực quan này không chỉ giúp học sinh tiếp cận kiến thức một cách sinh động, trực quan mà còn hỗ trợ họ xây dựng khái niệm khoa học một cách logic, đồng thời phát triển kỹ năng quan sát, phân tích và so sánh – đặc biệt quan trọng khi học sinh cần phân biệt sự khác biệt giữa hai quá trình trao đổi khí cơ bản trong sinh học.

> *Lưu ý: Đây là hướng dẫn dựa trên kiến thức chuyên môn và phương pháp dạy học sinh học cấp THCS/THPT.*",Sử dụng tranh ảnh hoặc video.,0,0.4042553191489362,0.7037037037037037,0,0.10526315789473684,0.05555555555555555,0.018680677174547577,0.11196911196911197,YES
41,94830,"Theo tài liệu, sự khác biệt giữa 'hô hấp' và 'hô hấp tế bào' ở động vật là gì, và khí O₂ đóng vai trò gì trong quá trình hô hấp tế bào?","Theo tài liệu, **sự khác biệt** giữa ""hô hấp"" và ""hô hấp tế bào"" ở động vật được giải thích như sau:  
- **Hô hấp** là quá trình tổng thể bao gồm cả **trao đổi khí** (biểu hiện bên ngoài, như hít vào/thở ra) và **hô hấp tế bào** (biểu hiện bên trong).  
- **Hô hấp tế bào** chỉ là một phần của hô hấp, diễn ra **bên trong tế bào**, nơi các chất dinh dưỡng được oxy hóa để giải phóng năng lượng.  

**Vai trò của khí O₂ trong hô hấp tế bào**:  
Khí O₂ được cơ thể lấy vào qua quá trình trao đổi khí, sau đó vận chuyển đến tế bào để tham gia vào **quá trình oxy hóa các chất** trong hô hấp tế bào. Quá trình này giải phóng năng lượng cần thiết cho các hoạt động sống của cơ thể.  

→ Tóm lại: Hô hấp là khái niệm rộng (gồm trao đổi khí và hô hấp tế bào), còn hô hấp tế bào là phản ứng hóa học xảy ra trong tế bào với sự tham gia của O₂ để tạo năng lượng.","Dựa trên tài liệu, sự khác biệt giữa **“hô hấp”** và **“hô hấp tế bào”** ở động vật như sau:

---

### **1. Sự khác biệt giữa “hô hấp” và “hô hấp tế bào”**

- **“Hô hấp”** là thuật ngữ **tổng quát**, thường dùng để chỉ **quá trình trao đổi khí ở cấp độ cơ thể** – tức là hít khí O₂ vào và thở khí CO₂ ra. Đây là quá trình sinh lý học diễn ra ở phổi (ở động vật có phổi) và bao gồm cả quá trình phân giải chất hữu cơ trong tế bào để giải phóng năng lượng. Nó là khái niệm bao quát, bao trùm cả quá trình trao đổi khí và quá trình chuyển hóa năng lượng trong cơ thể.

- **“Hô hấp tế bào” (cellular respiration)** là một khái niệm **cụ thể hơn**, chỉ **quá trình chuyển hóa năng lượng xảy ra trong tế bào**, chủ yếu diễn ra ở **mitochondria**. Quá trình này bao gồm các giai đoạn: đường phân, chu trình Krebs và chuỗi vận chuyển electron. Đây là quá trình sinh hóa, không chỉ là trao đổi khí mà là **quá trình phân giải chất hữu cơ để tạo ra ATP – năng lượng tế bào**.

→ **Tóm lại**: “Hô hấp” là khái niệm sinh lý học cấp độ cơ thể, còn “hô hấp tế bào” là khái niệm sinh hóa cấp độ tế bào, là cơ chế cung cấp năng lượng cho các hoạt động sống.

---

### **2. Vai trò của khí O₂ trong quá trình hô hấp tế bào**

Theo tài liệu, **khí O₂ đóng vai trò là chất nhận electron cuối cùng trong chuỗi vận chuyển electron** của hô hấp tế bào. Cụ thể:

- O₂ tham gia vào **giai đoạn cuối của hô hấp tế bào** (chuỗi vận chuyển electron) để kết hợp với electron và H⁺ tạo thành **nước (H₂O)**.
- Quá trình này giúp **tái tạo lại các chất mang electron (như NAD⁺ và FAD)** để tiếp tục các phản ứng phân giải năng lượng.
- Đồng thời, O₂ giúp **tăng hiệu suất sản xuất ATP** – năng lượng tế bào – thông qua cơ chế tạo ra gradient proton và kích hoạt ATP synthase.

→ Do đó, **O₂ không chỉ là sản phẩm thải của hô hấp tế bào (trong trường hợp không có O₂, tế bào sẽ chuyển sang hô hấp kỵ khí), mà còn là chất cần thiết để duy trì hiệu suất cao của quá trình hô hấp tế bào**.

---

### **Lưu ý bổ sung từ tài liệu**:

- Hô hấp tế bào là quá trình **phân giải chất hữu cơ (như glucose)** để giải phóng năng lượng, và **thải ra CO₂** như sản phẩm phụ.
- Trong điều kiện có O₂, quá trình này là **hô hấp hiếu khí**, hiệu quả hơn nhiều so với hô hấp kỵ khí.

---

✅ **Tóm lại**:  
- “Hô hấp” là quá trình trao đổi khí ở cấp độ cơ thể, còn “hô hấp tế bào” là quá trình sinh hóa trong tế bào để tạo năng lượng.  
- **O₂ đóng vai trò là chất nhận electron cuối cùng trong chuỗi vận chuyển electron**, giúp tạo năng lượng (ATP) và duy trì chu trình hô hấp tế bào hiệu quả.","Theo tài liệu, không có sự khác biệt giữa 'hô hấp' và 'hô hấp tế bào' ở động vật. Khí O₂ đóng vai trò là chất nhận electron và nguyên liệu cho quá trình hô hấp tế bào, giúp giải phóng năng lượng cho cơ thể.",0,0.4537815126050419,0.8663101604278075,0,0.3175965665236052,0.19786096256684493,0.078516228748068,0.13582677165354332,YES
42,2777,"Mục đích chính của bài học ""Ghép hình nhà"" là gì?","Mục đích chính của bài học **""Ghép hình nhà""** là giúp học sinh **quan sát và thảo luận về các khu nhà (nhà phố, chung cư) trong đời sống thực tế và trong tranh vẽ**, qua đó:  
- **Phát triển kỹ năng quan sát**: So sánh đặc điểm kiến trúc, không gian sống giữa nhà ở thực tế (ví dụ: phố cổ Hà Nội, chung cư hiện đại) và cách thể hiện sáng tạo trong tranh (qua tác phẩm của trẻ em).  
- **Kết nối thực tế với nghệ thuật**: Hiểu được sự khác biệt và tương đồng giữa môi trường sống xung quanh và cách diễn đạt nghệ thuật, từ đó khơi gợi óc tưởng tượng, cảm nhận thẩm mỹ.  
- **Rèn luyện kỹ năng giao tiếp**: Thảo luận nhóm để chia sẻ quan điểm về vai trò của nhà ở trong cộng đồng và cách thể hiện chúng qua hình ảnh.  

Bài học kết hợp giữa tiếp cận thực tiễn (ảnh chụp) và sáng tạo (tranh vẽ), phù hợp với phương pháp giáo dục tích hợp, giúp học sinh vừa học kiến thức xã hội vừa phát triển tư duy nghệ thuật.","Dựa trên thông tin từ **knowledge graph**, mục đích chính của bài học **""Ghép hình nhà""** là:

- **Hướng đến việc quan sát, thảo luận và sáng tạo hình ảnh** về các loại hình nhà ở trong đời sống thực tế và trong tranh vẽ của trẻ em.
- Khám phá và thể hiện các không gian sống như **khu phố cổ** và **chung cư hiện đại**.
- Mang tính **nghệ thuật và giáo dục**, giúp trẻ em phát triển khả năng quan sát, tư duy hình ảnh, và sáng tạo thông qua hoạt động ghép hình.
- Đây là một hoạt động **tích hợp giữa nghệ thuật, giáo dục và nhận thức không gian sống**, nhằm phát triển tư duy hình ảnh và kỹ năng sáng tạo của trẻ thông qua việc tương tác với các hình ảnh về nhà ở thực tế và trong tranh vẽ.

→ **Lưu ý**: Dựa trên các **tài liệu hình ảnh** được cung cấp, **không có thông tin nào đề cập đến bài học ""Ghép hình nhà""**, nên kết luận này chỉ dựa trên dữ liệu từ knowledge graph.

Nếu bạn cần xác minh thêm thông tin từ tài liệu hình ảnh, vui lòng cung cấp nội dung cụ thể hoặc hình ảnh liên quan đến bài học này.","Quan sát, thảo luận về khu nhà trong cuộc sống và trong tranh.",0,0.5174129353233831,0.5445026178010471,0,0.11764705882352941,0.06282722513089005,0.16469321851453175,0.12050739957716702,NO
43,2777,Ảnh chụp Phố cổ Hà Nội trong tài liệu này được chụp bởi ai?,"Ảnh chụp Phố cổ Hà Nội trong tài liệu này được ghi chú là **""ảnh của Nguyễn Xuân Tiến""** (xem chú thích dưới hình ảnh đầu tiên bên trái). Do đó, người chụp là **Nguyễn Xuân Tiến**.","Ảnh chụp Phố cổ Hà Nội trong tài liệu này được chụp bởi **nghệ sĩ Nguyễn Xuân Tiến** — thông tin này được xác nhận đồng nhất từ hai nguồn dữ liệu độc lập: **Knowledge Graph** và **Document Images**.

---

🔹 **Từ Knowledge Graph (ID ""1"")**:  
Theo mô tả trong knowledge graph, thực thể “Phố cổ Hà Nội” được ghi nhận là một khu vực lịch sử và văn hóa đặc trưng của Hà Nội, **được chụp bởi nghệ sĩ Nguyễn Xuân Tiến**. Đây là thông tin được hệ thống xác định dựa trên dữ liệu cấu trúc hóa, khẳng định rõ ràng về tác giả của bức ảnh.

🔹 **Từ Document Images**:  
Trong tài liệu hình ảnh, cụ thể là trong phần “Nhà phố, chung cư trong cuộc sống”, bức ảnh Phố cổ Hà Nội được gắn **chú thích trực tiếp**:  
> **“Phố cổ Hà Nội, ảnh của Nguyễn Xuân Tiến”**.  
Điều này cho thấy thông tin về tác giả được ghi nhận trực tiếp trong tài liệu gốc, không chỉ là dữ liệu cấu trúc mà còn là minh chứng trực quan từ hình ảnh và văn bản đi kèm.

---

✅ **Kết luận**:  
Dù được xác minh từ hai nguồn khác nhau — một là dữ liệu cấu trúc (Knowledge Graph) và một là nội dung hình ảnh kèm chú thích trong tài liệu — thì **người chụp ảnh Phố cổ Hà Nội trong tài liệu này là Nguyễn Xuân Tiến**. Đây là kết quả nhất quán và được hỗ trợ bởi cả dữ liệu ngữ nghĩa lẫn bằng chứng trực quan trong tài liệu.

---  
*Nguyễn Xuân Tiến — nghệ sĩ ghi dấu ấn bằng những khung hình lịch sử và văn hóa đặc trưng của Hà Nội.*",Nguyễn Xuân Tiến,0,0.18238993710691825,0.7837837837837838,0,0.15,0.08108108108108109,0.15302727877578176,0.1693121693121693,YES
44,2777,"Tác giả của bức tranh ""Thế giới trong bao nhông, sáp màu"" là ai?","Tác giả của bức tranh ""Thế giới trong bao nhông, sáp màu"" là **Thái Thị Bảo Anh** (thông tin được ghi chú dưới bức tranh ở góc phải phía dưới của trang).","Tác giả của bức tranh **“Thế giới trong bao nhông, sáp màu”** là **Thái Thị Bảo Anh** — một nghệ sĩ trẻ với phong cách sáng tạo, giàu tưởng tượng, thường thể hiện những thế giới tưởng tượng đầy màu sắc và chi tiết sinh động trong các tác phẩm sáp màu của mình.

Thông tin này được xác nhận từ **hai nguồn độc lập**:

1. **Từ Knowledge Graph**:  
   Theo dữ liệu trong knowledge graph, bức tranh **“Thế giới trong bao nhông, sáp màu”** là tác phẩm của **Thái Thị Bảo Anh**, được sáng tác dưới hình thức sáp màu. Bức tranh thể hiện một thế giới tưởng tượng với các chi tiết như ô dù, cây cối, xe hơi… mang đậm tính sáng tạo và phong cách nghệ thuật độc đáo, phản ánh khả năng quan sát và tưởng tượng phong phú của nghệ sĩ.

2. **Từ tài liệu hình ảnh (Document Images)**:  
   Trong tài liệu hình ảnh, cụ thể là phần minh họa cho chủ đề **“Ghép hình nhà”**, dưới bức tranh có ghi chú rõ ràng:  
   > **“Thế giới trong bao niông, sáp màu, Thái Thị Bảo Anh”**  
   Điều này xác nhận trực tiếp tên tác giả và thể loại tranh (sáp màu) thông qua văn bản đi kèm hình ảnh, đồng thời cho thấy tác phẩm này có thể là một phần trong một bộ sưu tập hoặc triển lãm nghệ thuật dành cho trẻ em hoặc học sinh.

> **Lưu ý**: Có thể do lỗi chính tả hoặc cách ghi âm, từ **“bao nhông”** trong câu hỏi có thể là phiên âm của **“bao niông”** — một cách gọi phổ biến trong một số tài liệu hoặc giọng nói địa phương, đặc biệt khi nói về vật dụng như bao niông (bao đựng đồ, thường dùng trong tranh sáp màu của trẻ em). Tuy nhiên, trong cả hai nguồn, tên tác phẩm đều được ghi là **“Thế giới trong bao niông, sáp màu”**, và tác giả là **Thái Thị Bảo Anh**.

✅ **Kết luận**:  
Tác giả của bức tranh **“Thế giới trong bao niông, sáp màu”** là **Thái Thị Bảo Anh**, được xác minh từ cả dữ liệu knowledge graph lẫn tài liệu hình ảnh kèm chú thích rõ ràng. Đây là một tác phẩm sáp màu mang đậm tính sáng tạo và tưởng tượng, phù hợp với phong cách nghệ thuật của nghệ sĩ trẻ này.

---  
*Ghi chú: Nếu bạn đang tìm kiếm thông tin về tác phẩm này trong bối cảnh triển lãm, giáo dục hoặc sách vở, có thể tìm thêm thông tin trong các tài liệu liên quan đến chương trình “Ghép hình nhà” hoặc các hoạt động nghệ thuật dành cho trẻ em do Thái Thị Bảo Anh thực hiện.*",Thái Thị Bảo Anh,0,0.1108829568788501,0.84375,0,0.2222222222222222,0.125,0.08326029798422437,0.19393939393939394,YES
45,29613,"Trong bối cảnh của bài học này, mục tiêu cụ thể nào được đặt ra liên quan đến việc tính toán và hiểu biết về các đặc trưng đo mức độ phân tán của mẫu số liệu?","Trong bối cảnh bài học **""BÀI 4. CÁC SỐ ĐẶC TRƯNG ĐO MỨC ĐỘ PHÂN TÁN CỦA MẪU SỐ LIỆU""**, các mục tiêu cụ thể liên quan đến việc **tính toán và hiểu biết về các đặc trưng đo mức độ phân tán** của mẫu số liệu không ghép nhóm được nêu rõ tại phần **""I. MỤC TIÊU""** như sau:

---

### **1. Yêu cầu cần đạt**  
- **Tính toán thành thạo các số đặc trưng đo mức độ phân tán**:  
  - Xác định được **khoảng biến thiên**, **khoảng tứ phân vị**, **phương sai**, và **độ lệch chuẩn** của mẫu số liệu không ghép nhóm.  
- **Hiểu và giải thích ý nghĩa thực tiễn**:  
  - Trình bày được **ý nghĩa và vai trò** của các số đặc trưng này trong việc đánh giá sự phân tán của dữ liệu trong thực tế (ví dụ: đo lường độ biến động của dữ liệu, so sánh tính đồng đều giữa các tập mẫu).  
- **Vận dụng vào tình huống đơn giản**:  
  - Áp dụng kết quả tính toán để **rút ra kết luận** phù hợp trong các trường hợp thực tế cụ thể (ví dụ: phân tích độ ổn định của một quá trình sản xuất, đánh giá rủi ro trong kinh tế).  

---

### **2. Năng lực cần chú trọng**  
- Phát triển khả năng **tư duy toán học** và **mô hình hóa** thông qua việc áp dụng các công thức vào bài toán thực tế.  
- Rèn luyện kỹ năng **giao tiếp toán học** khi diễn giải ý nghĩa của các số đặc trưng cho người khác.  

---

### **3. Tích hợp liên môn**  
- Liên hệ kiến thức với các môn học khác (như Vật lý, Kinh tế) để thấy được ứng dụng đa dạng của các số đặc trưng trong việc phân tích dữ liệu thực nghiệm.  

---

Những mục tiêu này nhấn mạnh việc **kết hợp giữa lý thuyết và thực hành**, giúp người học không chỉ biết cách tính toán mà còn hiểu sâu sắc về **vai trò của các số đặc trưng** trong việc đánh giá và ra quyết định dựa trên dữ liệu.","Trong bối cảnh của bài học này, mục tiêu cụ thể được đặt ra liên quan đến việc:

**Tính toán các số đặc trưng đo mức độ phân tán**, **giải thích ý nghĩa và vai trò của chúng trong thực tiễn**, và **chỉ ra kết luận đơn giản dựa trên các số đặc trưng này**.

Các mục tiêu này nhằm giúp người học không chỉ nắm vững kỹ năng tính toán các đặc trưng đo mức độ phân tán (như phương sai, độ lệch chuẩn, khoảng cách giữa các giá trị, v.v.) mà còn hiểu sâu sắc ứng dụng thực tiễn của chúng trong phân tích dữ liệu, từ đó có thể đưa ra các kết luận định lượng đơn giản và có cơ sở khoa học.

*(Lưu ý: Câu trả lời này được xây dựng hoàn toàn dựa trên thông tin trong knowledge graph, do không có hình ảnh tài liệu hoặc dữ liệu trực quan nào được cung cấp để bổ sung hoặc kiểm chứng.)*","Tính được số đặc trưng đo mức độ phân tán của mẫu số liệu không ghép nhóm: Khoảng biến thiên, Khoảng tứ phân vị, Phương sai, Độ lệch chuẩn.",0,0.44618395303326813,0.3323615160349854,0,0.15591397849462366,0.08454810495626822,0.1364221364221364,0.1554646405610754,NO
46,29613,"Khoảng tứ phân vị được định nghĩa như thế nào trong tài liệu này, và nó có đặc điểm gì khác biệt so với các đặc trưng đo độ phân tán khác?","Theo tài liệu, **khoảng tứ phân vị** được định nghĩa là:  
> *""Đặc trưng cho độ phân tán của một nửa các số liệu, có giá trị thuộc đoạn từ $ Q_1 $ đến $ Q_3 $ trong mẫu. Khoảng tứ phân vị không bị ảnh hưởng bởi các giá trị rất lớn hoặc rất bé trong mẫu.""*  

### Đặc điểm khác biệt so với các đặc trưng đo độ phân tán khác:
1. **Không nhạy cảm với giá trị ngoại lai**:  
   - Khác với *khoảng biến thiên* (phụ thuộc vào giá trị lớn nhất và nhỏ nhất) hay *phương sai/độ lệch chuẩn* (tính toán dựa trên tất cả dữ liệu, bao gồm cả giá trị bất thường), khoảng tứ phân vị **chỉ tập trung vào 50% dữ liệu ở giữa** (từ $ Q_1 $ đến $ Q_3 $). Điều này giúp nó **loại bỏ ảnh hưởng của các giá trị cực đoan** (rất lớn hoặc rất nhỏ), làm cho kết quả đo lường độ phân tán trở nên ổn định hơn trong trường hợp mẫu có nhiễu hoặc ngoại lai.

2. **Phản ánh độ phân tán thực tế của phần ""trung tâm"" dữ liệu**:  
   - Trong khi các đặc trưng như phương sai hay độ lệch chuẩn phản ánh sự biến động của toàn bộ mẫu, khoảng tứ phân vị tập trung vào khu vực chứa đa số quan sát, giúp đánh giá độ phân tán **thực tế và đáng tin cậy hơn** khi dữ liệu không đồng đều hoặc có xu hướng lệch.

### Ví dụ minh họa từ tài liệu:
- Nếu mẫu có giá trị ngoại lai (ví dụ: một số liệu rất lớn), khoảng biến thiên sẽ bị kéo giãn, phương sai/độ lệch chuẩn cũng tăng mạnh. Tuy nhiên, khoảng tứ phân vị **vẫn giữ nguyên** vì nó chỉ xem xét phân vị thứ nhất ($ Q_1 $) và phân vị thứ ba ($ Q_3 $), không phụ thuộc vào các giá trị biên.  

Đây là lý do khoảng tứ phân vị thường được ưu tiên sử dụng khi phân tích dữ liệu có nhiễu hoặc phân phối không đối xứng.","Theo tài liệu, **khoảng tứ phân vị (Interquartile Range - IQR)** được định nghĩa là **đo mức độ phân tán của một nửa các số liệu trong mẫu**, cụ thể là **khoảng từ phân vị thứ nhất (Q1) đến phân vị thứ ba (Q3)**.

### Đặc điểm nổi bật của khoảng tứ phân vị:

1. **Chỉ tập trung vào nửa dữ liệu giữa Q1 và Q3** – điều này giúp loại bỏ ảnh hưởng của các giá trị cực đại và cực tiểu, do đó **ít bị ảnh hưởng bởi các giá trị ngoại lai (outliers)**.
2. **Đo mức độ phân tán trong phân phối dữ liệu trung tâm** – phản ánh sự phân tán của phần dữ liệu “đại diện” nhất, không bị kéo lệch bởi các giá trị bất thường.
3. **Đặc điểm khác biệt so với các đặc trưng đo độ phân tán khác** (như phương sai, độ lệch chuẩn, khoảng biến thiên):
   - **Không nhạy cảm với giá trị cực trị** – trong khi phương sai và độ lệch chuẩn có thể bị “kéo” bởi các giá trị ngoại lai, IQR giữ nguyên độ rộng của khoảng giữa Q1 và Q3, giúp cho kết quả ổn định hơn trong phân tích dữ liệu có nhiễu hoặc chứa giá trị bất thường.
   - **Đơn giản và trực quan** – dễ tính toán và dễ hiểu, thường được sử dụng trong biểu đồ hộp (box plot) để minh họa phân phối dữ liệu.
   - **Phù hợp với dữ liệu không tuân theo phân phối chuẩn hoặc có sự lệch (skew)** – trong khi các chỉ số như độ lệch chuẩn thường giả định phân phối chuẩn, IQR không cần giả định này.

Tóm lại, khoảng tứ phân vị là một công cụ đo độ phân tán **robust và đáng tin cậy hơn** trong các tình huống dữ liệu có chứa giá trị ngoại lai hoặc không có phân phối đều, giúp người phân tích tập trung vào “hạt nhân” của dữ liệu thay vì bị ảnh hưởng bởi các điểm cực đoan.","Khoảng tứ phân vị là đặc trưng cho độ phân tán của một nửa các số liệu, có giá trị thuộc đoạn từ Q1 đến Q3 trong mẫu. Đặc điểm khác biệt: không bị ảnh hưởng bởi các giá trị ngoại lệ như các đặc trưng khác.",0,0.6588235294117646,0.6473988439306358,0,0.2239185750636132,0.12716763005780346,0.20970873786407768,0.10801591813530415,YES
47,29613,Khi nào thì việc sử dụng số trung vị và khoảng tứ phân vị được ưu tiên hơn so với số trung bình và phạm vi trong việc đánh giá mức độ tập trung và phân tán của mẫu số liệu?,"Theo tài liệu, việc sử dụng **số trung vị** và **khoảng tứ phân vị** được ưu tiên hơn so với **số trung bình** và **phạm vi** trong các trường hợp sau:

1. **Khi mẫu số liệu chứa giá trị ngoại lệ (outliers)**:  
   - Số trung bình và phạm vi (khoảng biến thiên) dễ bị ảnh hưởng bởi các giá trị rất lớn hoặc rất nhỏ, dẫn đến kết quả không phản ánh đúng mức độ tập trung/phân tán của **đa số phần tử** trong mẫu.  
   - Trong khi đó, số trung vị và khoảng tứ phân vị **không bị ảnh hưởng bởi giá trị ngoại lệ**, vì chúng chỉ tập trung vào phân tích nửa dữ liệu ở giữa (từ $Q_1$ đến $Q_3$), giúp đánh giá chính xác hơn xu hướng trung tâm và độ phân tán của phần lớn dữ liệu.

2. **Khi phân phối dữ liệu bị lệch (skewed distribution)**:  
   - Nếu dữ liệu không đối xứng (ví dụ: lệch phải hoặc lệch trái), số trung bình sẽ bị kéo lệch theo hướng của giá trị ngoại lệ, trong khi số trung vị vẫn giữ nguyên vai trò đại diện cho ""điểm giữa"" của mẫu.  
   - Khoảng tứ phân vị cũng phù hợp hơn để đo lường độ phân tán trong trường hợp này, vì nó loại bỏ 25% giá trị đầu và cuối của mẫu.

3. **Khi cần đánh giá ""mức độ tập trung thực tế"" của đa số dữ liệu**:  
   - Tài liệu nhấn mạnh: *""Khi mẫu có giá trị ngoại lệ, số trung vị và khoảng tứ phân vị sẽ đại diện cho mức độ tập trung và mức độ phân tán của đa số các phần tử trong mẫu số liệu""*. Điều này cho thấy hai đặc trưng này phản ánh chính xác hơn bản chất của dữ liệu khi có sự hiện diện của các giá trị bất thường.

**Ví dụ minh họa**:  
Nếu một mẫu dữ liệu về thu nhập có vài cá nhân có thu nhập cực cao (ngoại lệ), số trung bình sẽ bị đẩy lên cao, trong khi số trung vị và khoảng tứ phân vị vẫn phản ánh đúng mức thu nhập phổ biến của phần lớn người trong mẫu.","Việc ưu tiên sử dụng **số trung vị** và **khoảng tứ phân vị (IQR)** thay vì **số trung bình** và **phạm vi** trong việc đánh giá mức độ tập trung và phân tán của mẫu số liệu thường xảy ra trong các tình huống sau:

---

### 1. **Khi dữ liệu có giá trị ngoại lai (outliers)**
- **Số trung bình (mean)** rất nhạy cảm với các giá trị cực đại hoặc cực tiểu, nên có thể bị kéo lệch và không phản ánh đúng xu hướng trung tâm của dữ liệu.
- **Số trung vị (median)** là giá trị nằm ở giữa khi sắp xếp dữ liệu, do đó ít bị ảnh hưởng bởi các giá trị ngoại lai — giúp cho phép đánh giá trung tâm một cách ổn định hơn.
- **Khoảng tứ phân vị (IQR = Q3 – Q1)** đo mức độ phân tán dựa trên khoảng giữa phân vị thứ 25 và 75, nên cũng ít bị ảnh hưởng bởi các giá trị cực đoan — giúp đánh giá độ phân tán một cách đáng tin cậy hơn so với **phạm vi**, vốn chỉ dựa trên giá trị lớn nhất và nhỏ nhất, dễ bị kéo dài bởi các điểm cực trị.

---

### 2. **Khi dữ liệu không đối xứng (dữ liệu lệch)**
- Trong phân phối lệch (skewed distribution), **số trung bình** không còn là đại diện tốt cho trung tâm dữ liệu, trong khi **số trung vị** vẫn giữ được tính ổn định và phản ánh tốt hơn vị trí trung tâm thực tế.
- **IQR** cũng là lựa chọn tốt hơn để đo độ phân tán trong trường hợp này, vì nó không phụ thuộc vào các giá trị cực đoan và phản ánh sự biến thiên trong phần dữ liệu “trung tâm” — nơi chứa thông tin quan trọng nhất.

---

### 3. **Khi cần đo lường độ phân tán một cách “định hướng” vào phần dữ liệu chính**
- **Phạm vi** chỉ cho biết khoảng cách từ giá trị nhỏ nhất đến lớn nhất, nhưng không phản ánh sự phân tán trong phần lớn dữ liệu.
- **IQR** tập trung vào 50% dữ liệu trung tâm (giữa Q1 và Q3), giúp người phân tích hiểu rõ hơn về mức độ “rải rác” của phần dữ liệu chính — điều này đặc biệt hữu ích trong các phân tích thực tiễn, như đánh giá hiệu suất, chất lượng sản phẩm, v.v.

---

### Tóm lại:
> **Số trung vị và IQR nên được ưu tiên khi dữ liệu có giá trị ngoại lai, phân phối lệch, hoặc khi cần đánh giá độ phân tán dựa trên phần dữ liệu trung tâm chứ không phải toàn bộ dải giá trị cực trị.**

Điều này giúp đảm bảo tính chính xác, ổn định và có ý nghĩa thực tiễn cao hơn trong phân tích dữ liệu thực tế.",Khi mẫu số liệu có giá trị ngoại lệ làm cho số trung bình và phạm vi bị ảnh hưởng.,0,0.6203592814371258,0.7,0,0.09743589743589745,0.051351351351351354,0.20676791899813482,0.06840579710144927,YES
48,32348,"Theo hướng dẫn trong SGK, GV nên đặt những câu hỏi như thế nào để gợi ý cho HS về khái niệm và ảnh hưởng của ô nhiễm môi trường trong trồng trọt?","Theo hướng dẫn trong SGK, giáo viên (GV) cần đặt các câu hỏi **gợi mở** để giúp học sinh (HS) tự tìm hiểu khái niệm và ảnh hưởng của ô nhiễm môi trường trong trồng trọt. Cụ thể, GV nên đặt những câu hỏi sau (trích từ phần **c) Nội dung và cách thức tiến hành**):  

1. **""Ô nhiễm môi trường trong trồng trọt là gì?""**  
   → Giúp HS xác định khái niệm cơ bản về ô nhiễm môi trường trong lĩnh vực nông nghiệp.  

2. **""Nó được biểu hiện như thế nào?""**  
   → Hướng dẫn HS quan sát Hình 26.2 trong SGK và phân tích các dấu hiệu, hình thức ô nhiễm (ví dụ: đất bị thoái hóa, nước bị nhiễm hóa chất, không khí ô nhiễm...).  

3. **""Nó có ảnh hưởng như thế nào đến sức khỏe con người, vật nuôi, cây trồng và hệ sinh thái?""**  
   → Khuyến khích HS liên hệ thực tế, phân tích tác động đa chiều của ô nhiễm đến các yếu tố sinh học và xã hội.  

Bên cạnh đó, GV cần kết hợp yêu cầu HS **đọc mục I, III trong SGK** và **quan sát Hình 26.2** để trả lời các câu hỏi này, đồng thời khuyến khích thảo luận nhóm hoặc liên hệ với thực tiễn địa phương (như sản xuất nông nghiệp tại gia đình, khu vực xung quanh) để làm sâu sắc thêm kiến thức.","Theo hướng dẫn trong sách giáo khoa (SGK), giáo viên (GV) nên đặt những câu hỏi **gợi mở, định hướng tư duy**, nhằm giúp học sinh (HS) **tự khám phá, phân tích và hình thành khái niệm** về **ô nhiễm môi trường trong trồng trọt**, đồng thời nhận thức được **ảnh hưởng của nó đến sức khỏe con người, vật nuôi, cây trồng và hệ sinh thái**.

Dưới đây là một số câu hỏi mẫu mà GV có thể sử dụng, dựa trên nội dung khái niệm và mục tiêu giáo dục trong SGK:

---

### **1. Câu hỏi gợi mở khái niệm:**

- *“Em hãy nêu những yếu tố nào có thể làm ô nhiễm môi trường trong quá trình trồng trọt?”*  
→ Gợi ý HS suy nghĩ về nguồn gốc ô nhiễm (dung dịch hóa học, phân bón, thuốc trừ sâu, rác thải công nghiệp, chất thải sinh hoạt...).

- *“Ô nhiễm môi trường trong trồng trọt khác với ô nhiễm trong nuôi trồng thủy sản hay công nghiệp như thế nào?”*  
→ Giúp HS phân biệt khái niệm và bối cảnh cụ thể.

- *“Tại sao việc sử dụng phân bón và thuốc trừ sâu quá mức lại gây ô nhiễm môi trường?”*  
→ Khơi gợi hiểu biết về mối liên hệ giữa hành vi canh tác và hậu quả môi trường.

---

### **2. Câu hỏi gợi mở về ảnh hưởng:**

- *“Ô nhiễm môi trường trong trồng trọt có thể ảnh hưởng đến sức khỏe con người như thế nào?”*  
→ Hướng HS suy nghĩ về nguy cơ ngộ độc, bệnh tật do tiếp xúc với hóa chất.

- *“Cây trồng và vật nuôi bị ảnh hưởng ra sao khi đất, nước bị ô nhiễm?”*  
→ Giúp HS liên hệ thực tiễn: giảm năng suất, chất lượng nông sản, gây bệnh cho vật nuôi.

- *“Ô nhiễm môi trường trong trồng trọt có thể làm suy giảm hệ sinh thái xung quanh không?”*  
→ Khơi gợi nhận thức về hệ quả lâu dài đối với đa dạng sinh học và cân bằng sinh thái.

---

### **3. Câu hỏi định hướng giải quyết vấn đề:**

- *“Theo em, chúng ta có thể làm gì để giảm thiểu ô nhiễm môi trường trong trồng trọt?”*  
→ Khuyến khích HS đề xuất giải pháp, từ đó phát triển tư duy phản biện và ý thức bảo vệ môi trường.

- *“Em có thể nêu một ví dụ cụ thể về ô nhiễm môi trường trong trồng trọt mà em từng thấy hoặc nghe nói?”*  
→ Kết nối kiến thức với thực tiễn, tăng tính hứng thú và tính ứng dụng.

---

### **Lưu ý cho giáo viên:**

- Câu hỏi nên được thiết kế theo **phương pháp dạy học tích cực**, khuyến khích HS **tự tìm tòi, thảo luận nhóm, trình bày và giải thích**.
- Cần kết hợp **hình ảnh, biểu đồ, sơ đồ** (nếu có trong SGK hoặc tài liệu hỗ trợ) để minh họa các khái niệm và ảnh hưởng.
- Đặt câu hỏi theo **dãy logic**: từ nhận biết → phân tích → đánh giá → giải quyết → vận dụng.

---

Bằng cách sử dụng các câu hỏi này, giáo viên không chỉ giúp học sinh nắm vững khái niệm mà còn **rèn luyện năng lực tư duy, giải quyết vấn đề và ý thức bảo vệ môi trường** – đúng như mục tiêu giáo dục trong chương trình hiện hành.

---  
*(Câu trả lời được tổng hợp từ hướng dẫn trong SGK và được thiết kế để phù hợp với phương pháp dạy học hiện đại, lấy học sinh làm trung tâm.)*","GV nên đặt các câu hỏi gợi ý HS liên quan đến khái niệm và ảnh hưởng của ô nhiễm môi trường trong trồng trọt, ví dụ: “Ô nhiễm môi trường trong trồng trọt là gì?”, “Nó được biểu hiện như thế nào?”, “Nó có ảnh hưởng như thế nào đến sức khoẻ con người, vật nuôi, cây trồng và hệ sinh thái?”.",0,0.4624846248462485,0.7966101694915254,0,0.40802675585284276,0.2584745762711864,0.13660337552742616,0.2411764705882353,YES
49,32348,"GV có thể tổ chức hoạt động nào để giúp HS hiểu sâu hơn về tác hại của ô nhiễm môi trường trong trồng trọt đối với con người, cây trồng, vật nuôi và hệ sinh thái?","Theo hướng dẫn trong SGK, GV có thể tổ chức các hoạt động sau để giúp HS hiểu sâu hơn về tác hại của ô nhiễm môi trường trong trồng trọt:  

1. **Thảo luận nhóm**  
   - Tổ chức cho HS thảo luận để **giải thích cụ thể tác hại của ô nhiễm môi trường** đối với con người (ví dụ: ngộ độc hóa chất, bệnh tật), cây trồng (suy giảm năng suất, chất lượng), vật nuôi (nhiễm độc, chết hàng loạt) và hệ sinh thái (mất cân bằng sinh học, suy thoái đất).  
   - Kết hợp với **hộp ""Khám phá"" trong SGK** để HS trả lời câu hỏi mở, từ đó khắc sâu kiến thức và mở rộng hiểu biết.  

2. **Liên hệ thực tiễn**  
   - Yêu cầu HS **kết nối với thực tế sản xuất tại gia đình hoặc địa phương**: Ví dụ, phỏng vấn người dân về hậu quả của việc lạm dụng phân bón, thuốc trừ sâu; quan sát mẫu đất/nước bị ô nhiễm ở khu vực nông thôn.  
   - Đối với HS ở thành phố, GV có thể hướng dẫn HS thảo luận qua hình ảnh, video về ô nhiễm nông nghiệp để hình dung rõ hơn.  

3. **Trình bày và phản biện**  
   - Cho HS **thảo luận nhóm, trình bày trước lớp** về các tình huống giả định (ví dụ: ""Nếu sử dụng thuốc bảo vệ thực vật không đúng cách, điều gì xảy ra?""). Sau đó, các nhóm phản biện lẫn nhau để củng cố kiến thức.  

Các hoạt động này giúp HS không chỉ nắm vững lý thuyết mà còn **vận dụng vào thực tiễn**, từ đó nhận thức sâu sắc về hậu quả của ô nhiễm môi trường trong trồng trọt.","Để giúp học sinh (HS) hiểu sâu hơn về **tác hại của ô nhiễm môi trường trong trồng trọt** đối với **con người, cây trồng, vật nuôi và hệ sinh thái**, giáo viên (GV) có thể tổ chức các hoạt động học tập tích cực, gắn liền với thực tiễn và khuyến khích sự tham gia, thảo luận, phân tích tình huống – những yếu tố được xác định trong mô tả của thực thể “HS” trong knowledge graph:

---

### ✅ **1. Hoạt động thảo luận nhóm (Group Discussion)**
- **Mục tiêu**: Khơi gợi tư duy phản biện, giúp HS nhận diện các tác hại cụ thể.
- **Cách tổ chức**:
  - Chia lớp thành các nhóm nhỏ, mỗi nhóm tập trung vào một khía cạnh: *con người, cây trồng, vật nuôi, hệ sinh thái*.
  - Mỗi nhóm trình bày các ví dụ thực tế (từ sách giáo khoa, báo chí, hoặc quan sát địa phương) về ô nhiễm trong trồng trọt (ví dụ: thuốc trừ sâu, phân bón hóa học, rác thải nhựa, khí thải công nghiệp xâm nhập đất).
  - Sau đó, các nhóm trao đổi, tổng hợp và đưa ra giải pháp giảm thiểu ô nhiễm.

---

### ✅ **2. Hoạt động tìm hiểu và trình bày thực tế (Case Study / Field Trip / Project Work)**
- **Mục tiêu**: Kết nối kiến thức với thực tiễn, giúp HS cảm nhận trực tiếp hoặc qua nghiên cứu.
- **Cách tổ chức**:
  - Tổ chức chuyến thăm thực tế các vùng nông nghiệp bị ô nhiễm (nếu có điều kiện) hoặc xem video, hình ảnh minh họa.
  - Giao nhiệm vụ cho HS tìm hiểu và trình bày về “Tác hại của ô nhiễm môi trường trong trồng trọt ở địa phương”.
  - Có thể kết hợp với hoạt động “Thiết kế giải pháp” để HS sáng tạo cách giảm thiểu ô nhiễm trong nông nghiệp.

---

### ✅ **3. Hoạt động thí nghiệm nhỏ hoặc mô phỏng (Simulation / Mini-experiment)**
- **Mục tiêu**: Làm rõ tác động của ô nhiễm đến cây trồng, đất, nước.
- **Cách tổ chức**:
  - Dùng mẫu đất, nước, hạt giống để mô phỏng tác động của hóa chất (phân bón, thuốc trừ sâu) – ví dụ: trồng cây trong đất có pha hóa chất, so sánh với đất sạch.
  - Dùng mô hình sinh thái để minh họa sự lan truyền ô nhiễm từ đất → nước → sinh vật → con người.

---

### ✅ **4. Hoạt động “Điều tra cộng đồng” hoặc “Phỏng vấn người dân nông thôn”**
- **Mục tiêu**: Nâng cao nhận thức thông qua trải nghiệm thực tế từ cộng đồng.
- **Cách tổ chức**:
  - HS đi thăm hỏi, phỏng vấn người dân nông thôn về tình trạng ô nhiễm trong trồng trọt.
  - Ghi nhận các vấn đề như: nước bị nhiễm hóa chất, cây trồng chết hàng loạt, vật nuôi bị ngộ độc, bệnh tật lan truyền.
  - Trình bày kết quả dưới dạng báo cáo hoặc video ngắn.

---

### ✅ **5. Hoạt động “Tác phẩm nghệ thuật – truyền thông”**
- **Mục tiêu**: Gợi sự đồng cảm và nâng cao nhận thức qua hình thức nghệ thuật.
- **Cách tổ chức**:
  - HS thiết kế tranh, video, kịch ngắn, poster để truyền tải thông điệp về tác hại của ô nhiễm môi trường trong nông nghiệp.
  - Có thể tổ chức triển lãm hoặc buổi trình diễn nội bộ để lan tỏa thông tin.

---

### 💡 **Lưu ý chung**:
- GV nên kết hợp nhiều phương pháp: thuyết trình, thảo luận, thực hành, nghiên cứu, sáng tạo để tăng tính hấp dẫn và hiệu quả học tập.
- Cần khơi gợi sự tò mò, đặt câu hỏi mở, khuyến khích HS tự tìm hiểu và liên hệ với thực tế xung quanh.
- Có thể kết hợp với các môn học khác như: Sinh học, Địa lý, Giáo dục công dân, hoặc Khoa học tự nhiên để tăng chiều sâu kiến thức.

---

📌 **Tóm lại**, GV có thể tổ chức các hoạt động như: **thảo luận nhóm, tìm hiểu thực tế, thí nghiệm mô phỏng, điều tra cộng đồng, và truyền thông nghệ thuật** để giúp HS hiểu sâu sắc và đa chiều về tác hại của ô nhiễm môi trường trong trồng trọt đối với con người, cây trồng, vật nuôi và hệ sinh thái.",GV có thể tổ chức cho HS thảo luận để trả lời câu hỏi trong hộp Khám phá của SGK.,0,0.43962848297213625,0.7473684210526316,0,0.13114754098360656,0.07017543859649122,0.1054897739504844,0.09057706355003653,YES
50,32348,Hoạt động tìm hiểu về nguyên nhân gây ô nhiễm môi trường trong trồng trọt giúp HS đạt được mục tiêu gì?,"Hoạt động tìm hiểu về nguyên nhân gây ô nhiễm môi trường trong trồng trọt giúp HS **nhận biết được một số nguyên nhân gây ô nhiễm môi trường trong trồng trọt** và **liên hệ với thực tiễn ở gia đình và địa phương**. Qua đó, HS có thể hiểu rõ hơn về mối liên hệ giữa lý thuyết và thực hành, từ đó vận dụng kiến thức vào đời sống cụ thể.","Hoạt động tìm hiểu về nguyên nhân gây ô nhiễm môi trường trong trồng trọt giúp học sinh (HS) đạt được các mục tiêu sau:

1. **Hiểu rõ các nguyên nhân gây ô nhiễm môi trường trong lĩnh vực nông nghiệp**, bao gồm: sử dụng hóa chất (phân bón, thuốc trừ sâu), thải nước chưa xử lý, rác thải nông nghiệp, và các hoạt động canh tác không bền vững. Đây là bước đầu tiên để nhận diện nguồn gốc ô nhiễm trong quá trình trồng trọt.

2. **Nhận thức được tác động tiêu cực của ô nhiễm đến sức khỏe con người, vật nuôi, cây trồng và hệ sinh thái tự nhiên**, từ đó hình thành ý thức trách nhiệm trong bảo vệ môi trường sống. Học sinh có thể liên hệ đến hậu quả cụ thể như: ngộ độc thực phẩm, suy giảm năng suất cây trồng, bệnh tật ở vật nuôi, và mất cân bằng sinh thái.

3. **Rèn luyện kỹ năng phân tích, tư duy phản biện và giải quyết vấn đề**, khi học sinh được khuyến khích tìm hiểu, đánh giá và đề xuất giải pháp nhằm giảm thiểu ô nhiễm trong nông nghiệp.

4. **Phát triển năng lực giáo dục môi trường và tư duy bền vững**, giúp học sinh hình thành thói quen sống xanh, lựa chọn phương pháp canh tác thân thiện với môi trường, và tham gia vào các hoạt động bảo vệ môi trường tại địa phương.

→ Qua đó, hoạt động này không chỉ là kiến thức khoa học mà còn là nền tảng để hình thành nhân cách, trách nhiệm công dân và tư duy phát triển bền vững trong tương lai của học sinh.",Nhận biết một số nguyên nhân gây ô nhiễm môi trường trong trồng trọt. Liên hệ với thực tiễn ở gia đình và địa phương.,0,0.3175487465181059,0.7808219178082192,0,0.5102040816326531,0.3424657534246575,0.1375598086124402,0.5225225225225225,YES
51,56933,Bài học này có tiêu đề là gì và nó thuộc bài số mấy trong sách?,"Tiêu đề của bài học là **""Chuyện cây, chuyện người""** và nó thuộc **Bài 22** trong sách.","Dựa trên thông tin hiện có, tôi không thể xác định chính xác **tiêu đề của bài học** và **bài số mấy trong sách**, vì:

- Không có dữ liệu cụ thể về tiêu đề bài học trong knowledge graph.
- Không có thông tin về cấu trúc sách, chương hoặc bài học được cung cấp.
- Không có hình ảnh hoặc nội dung văn bản từ trang sách để xác định tiêu đề hoặc vị trí bài học.

Tuy nhiên, nếu bạn đang tham khảo tài liệu từ **hoc10.vn** (một nguồn cung cấp bản mẫu bài học), bạn có thể truy cập trực tiếp vào trang đó để xem chi tiết bài học, bao gồm tiêu đề và vị trí trong sách (nếu có).

👉 **Gợi ý để xác định chính xác hơn**:  
Hãy cung cấp thêm thông tin như:
- Tiêu đề bài học (nếu có)
- Tên sách hoặc chương trình học
- Hình ảnh trang sách hoặc nội dung văn bản cụ thể

→ Tôi sẽ giúp bạn xác định chính xác hơn!

**Tóm lại**: Không đủ thông tin để xác định tiêu đề bài học và bài số trong sách. Vui lòng cung cấp thêm chi tiết.","Bài 22: Chuyện cây, chuyện người",0,0.0849056603773585,0.5294117647058824,0,0.5217391304347826,0.35294117647058826,0.08847736625514403,0.5178571428571429,NO
52,56933,"Yêu cầu chính của phần ""CHIA SẺ"" trong bài học này là gì?","Yêu cầu chính của phần **""CHIA SẺ""** trong bài học này là:  
**Quan sát các hình ảnh và sắp xếp lại thứ tự các hình sao cho phù hợp với quá trình từ lúc lúa còn non đến khi thu hoạch và được nấu thành cơm.**  

Cụ thể, học sinh cần xác định trình tự các giai đoạn phát triển của cây lúa (từ cây mạ non → cây lúa trưởng thành → cây lúa chín → thóc → gạo → cơm) dựa trên 6 hình minh họa được cung cấp (a, b, c, d, e, g).","Dựa trên thông tin hiện có, **không có dữ liệu cụ thể nào trong knowledge graph hoặc trong các tài liệu được cung cấp** đề cập đến phần **“CHIA SẺ”** trong bài học này. Tuy nhiên, nếu bạn đang tham khảo bài học từ **bộ sách “Chân trời sáng tạo”** (một trong những bộ sách phổ biến tại Việt Nam, được đề cập trong knowledge graph), thì phần **“CHIA SẺ”** thường được thiết kế với mục tiêu:

✅ **Khuyến khích học sinh trình bày, chia sẻ kiến thức** với bạn bè hoặc nhóm học tập.  
✅ **Tạo cơ hội phản biện, thảo luận** để làm rõ các khái niệm hoặc bài học.  
✅ **Áp dụng kiến thức vào thực tiễn hoặc tình huống đời sống**.  
✅ **Phát triển kỹ năng giao tiếp, làm việc nhóm và tư duy phản biện**.

👉 **Tóm lại**, yêu cầu chính của phần “CHIA SẺ” là **tăng cường sự tương tác, hợp tác và vận dụng kiến thức thông qua hoạt động chia sẻ, thảo luận giữa học sinh** – nhằm mục đích học tập chủ động và phát triển năng lực mềm.

*Ghi chú: Nếu bạn có nội dung cụ thể từ tài liệu hoặc bài học, mình có thể phân tích chi tiết hơn!*",Sắp xếp lại thứ tự các hình ảnh cho phù hợp với quá trình từ lúc lúa còn non đến lúc thu hoạch và được nấu thành cơm.,0,0.2356902356902357,0.3804347826086957,0,0.45,0.29347826086956524,0.061046511627906974,0.42528735632183906,NO
53,56933,Hãy kể tên các giai đoạn phát triển của cây lúa và các sản phẩm từ lúa được minh họa trong ảnh.,"Các giai đoạn phát triển của cây lúa và sản phẩm từ lúa được minh họa trong ảnh như sau:

### **Giai đoạn phát triển của cây lúa** (theo thứ tự từ non đến chín):
1. **Cây mạ non** (hình e): Cây lúa ở giai đoạn đầu, mới mọc mầm.  
2. **Cây lúa trưởng thành** (hình g): Cây lúa đã lớn, thân lá phát triển đầy đủ.  
3. **Cây lúa chín** (hình d): Cây lúa mang hạt vàng, sẵn sàng thu hoạch.  

### **Sản phẩm từ lúa** (sau khi thu hoạch và chế biến):
1. **Thóc** (hình b): Hạt lúa nguyên vỏ sau khi gặt.  
2. **Gạo** (hình c): Thóc đã xay xát, loại bỏ vỏ trấu.  
3. **Cơm** (hình a): Gạo đã nấu chín, dùng làm thức ăn.  

Thứ tự đầy đủ từ trồng đến thành phẩm: *Cây mạ non → Cây lúa trưởng thành → Cây lúa chín → Thóc → Gạo → Cơm*.","Dựa trên thông tin từ **knowledge graph** và **hình ảnh minh họa** (được đề cập trong mô tả của entity ""gạo"" với hình ảnh c), tôi có thể cung cấp thông tin chi tiết như sau:

---

### **Các giai đoạn phát triển của cây lúa**

Cây lúa trải qua các giai đoạn phát triển chính sau:

1. **Giai đoạn giống (Seedling stage)**  
   - Lúa được gieo hạt, nảy mầm và phát triển rễ, thân, lá non.  
   - Đây là giai đoạn quan trọng để cây hình thành hệ thống rễ và lá.

2. **Giai đoạn sinh trưởng (Vegetative stage)**  
   - Cây lúa phát triển mạnh về chiều cao, số lượng lá, và rễ lan rộng.  
   - Cây bắt đầu tích lũy chất hữu cơ và chuẩn bị cho giai đoạn trổ bông.

3. **Giai đoạn trổ bông (Flowering stage)**  
   - Cây lúa trổ bông, bông lúa nở ra và bắt đầu quá trình thụ phấn.  
   - Đây là giai đoạn quyết định năng suất, vì nếu thời tiết không thuận lợi (gió, mưa, nhiệt độ) thì hạt lúa sẽ không phát triển tốt.

4. **Giai đoạn chín (Maturation stage)**  
   - Bông lúa chuyển sang màu vàng, hạt lúa dần đầy đủ và khô lại.  
   - Cây lúa sẵn sàng cho việc thu hoạch.

5. **Giai đoạn thu hoạch (Harvest stage)**  
   - Người nông dân cắt lúa, thu hoạch và xử lý hạt lúa.  
   - Đây là bước cuối cùng trước khi lúa được chế biến thành sản phẩm.

---

### **Các sản phẩm từ lúa được minh họa trong ảnh**

Dựa trên hình ảnh minh họa (được đề cập trong entity ""gạo"" với hình ảnh c), các sản phẩm từ lúa bao gồm:

- **Gạo (Rice)** – sản phẩm chính sau khi lúa được thu hoạch, làm sạch và xay xát.
- **Bột mì lúa (Rice flour)** – được làm từ hạt lúa xay nhuyễn, dùng trong nấu ăn hoặc làm bánh.
- **Bánh mì lúa (Rice noodles / Rice cakes)** – sản phẩm chế biến từ gạo, phổ biến trong ẩm thực Á Đông.
- **Bia lúa (Rice wine / Rice beer)** – đồ uống được lên men từ gạo, phổ biến ở nhiều quốc gia châu Á.
- **Gạo nếp (Glutinous rice)** – loại gạo dẻo, dùng làm bánh, xôi, hoặc chế biến món ăn đặc biệt.
- **Gạo thơm (Aromatic rice)** – loại gạo có mùi thơm, thường dùng trong các món ăn cao cấp.

---

> 💡 **Lưu ý**: Hình ảnh minh họa có thể bao gồm các sản phẩm chế biến từ lúa như gạo trắng, gạo nếp, bánh tráng, bún gạo, hoặc đồ uống từ gạo – tùy theo nội dung hình ảnh cụ thể. Nếu bạn có thể cung cấp hình ảnh hoặc mô tả chi tiết hơn, tôi có thể xác định chính xác hơn các sản phẩm được minh họa.

---

✅ **Tóm lại**: Cây lúa phát triển qua 5 giai đoạn chính từ giống đến thu hoạch, và từ hạt lúa, con người chế biến ra nhiều sản phẩm đa dạng như gạo, bột, bánh, bia, và các loại gạo đặc sản.","Các giai đoạn phát triển của cây lúa: cây mạ non, cây lúa trưởng thành, cây lúa chín.  
Các sản phẩm từ lúa: thóc, gạo, cơm.",0,0.31974921630094044,0.6845637583892618,0,0.28571428571428575,0.16778523489932887,0.0896116827082642,0.29545454545454547,NO
54,79772,Bài tập đầu tiên trong trang sách nhạc này hướng dẫn người học thực hiện điều gì?,"Bài tập đầu tiên (số 1) trong trang sách nhạc này hướng dẫn người học **thể hiện tiết tấu bằng nhạc cụ gõ** (nhạc cụ đánh nhịp như trống, thanh gõ...). Cụ thể:  
- Người học cần tập chơi mẫu tiết tấu được ghi trên khuông nhạc (với các nốt đen, nốt móc) theo nhịp điệu quy định.  
- Mục tiêu là **ứng dụng tiết tấu này để đệm cho bài hát ""Mùa xuân""** (phần 2 của trang), giúp làm nền cho giai điệu chính khi biểu diễn.  

Đây là bài tập rèn kỹ năng cảm thụ và thực hành tiết tấu cơ bản trước khi kết hợp với phần hòa tấu hoàn chỉnh.","Dựa trên nội dung trang sách nhạc, **bài tập đầu tiên (được đánh số 1)** hướng dẫn người học **đọc và hát theo lời bài hát “Bay cao tiếng hát ước mơ”**, đồng thời **đọc đúng các nốt nhạc và nhịp điệu** trong bài hát.

Đây là bài tập khởi đầu nhằm giúp người học làm quen với bài hát mẫu, rèn luyện kỹ năng đọc nhạc và hát đúng nhịp, phù hợp với mục tiêu của bài học “Bài 11” trong sách giáo khoa âm nhạc, như đã được đề cập trong knowledge graph.

👉 **Tóm lại**: Bài tập đầu tiên hướng dẫn người học **đọc và hát theo lời bài hát “Bay cao tiếng hát ước mơ”**, đồng thời **đọc đúng nốt nhạc và nhịp điệu** trong bài hát.",Thể hiện tiết tấu bằng cách gõ.,0,0.42148760330578516,0.45535714285714285,0,0.10084033613445377,0.05357142857142857,0.1474820143884892,0.10968921389396709,NO
55,79772,Bài hát 'Mùa xuân' trong trang sách nhạc này là một trích đoạn hay một tác phẩm hoàn chỉnh?,"Bài hát ""Mùa xuân"" trong trang sách nhạc này **là một trích đoạn**, được thể hiện rõ qua chú thích **""(Trích)""** ngay sau tên tác phẩm. Đây là đặc điểm thường thấy trong sách giáo khoa âm nhạc, nơi các đoạn nhạc ngắn được chọn lọc từ tác phẩm gốc để phục vụ mục đích giảng dạy hoặc luyện tập kỹ năng hòa tấu.","Bài hát **'Mùa xuân'** trong trang sách nhạc này là một **tác phẩm hoàn chỉnh**.

Dựa trên thông tin từ **knowledge graph**, bản nhạc liên quan đến bài hát này được mô tả là “bản nhạc và hướng dẫn kỹ thuật âm nhạc, bao gồm các phần thể hiện tiết tấu, hòa tấu và ứng dụng đệm”, điều này cho thấy nó được thiết kế để trình bày toàn bộ bài hát với đầy đủ các yếu tố kỹ thuật biểu diễn — không phải là một đoạn trích đoạn nhỏ hơn.

Cùng với đó, thông tin từ **document images** cũng xác nhận rằng bài hát **""Mùa xuân""** được trình bày như một **tác phẩm hoàn chỉnh**.

👉 **Kết luận**: Đây là một **tác phẩm hoàn chỉnh**, không phải trích đoạn.",trích đoạn,0,0.36269430051813467,0.546875,0,0.06060606060606061,0.03125,0.18021978021978022,0.06430868167202572,NO
56,79772,Tác phẩm 'Mùa xuân' được trình bày trong trang sách nhạc này được sáng tác bởi ai?,"Tác phẩm ""Mùa xuân"" trong trang sách nhạc này được sáng tác bởi **Antonio Vivaldi** (được ghi rõ tên ở phần thông tin tác giả bên cạnh tiêu đề ""Mùa xuân (Trích)""). Đây là một trích đoạn từ bộ sưu tập *Bốn mùa* nổi tiếng của ông.","Tác phẩm **'Mùa xuân'** được trình bày trong trang sách nhạc này được sáng tác bởi **Antonín Vivaldi**, như được ghi rõ trong hình ảnh trang sách nhạc (trang 54), nơi có dòng chữ: **""Tác giả: Antonín Vivaldi""**.

Tuy nhiên, theo thông tin từ **knowledge graph** (ID ""2"", loại ""person"", mô tả ""Tác giả nhạc""), tác phẩm **'Mùa xuân'** lại được ghi nhận là sáng tác bởi **Nguyễn Nam**.

👉 **Phân tích và kết luận**:

Có sự **mâu thuẫn giữa hai nguồn thông tin**:

- **Nguồn hình ảnh (trang sách nhạc)**: Ghi rõ tác giả là **Antonín Vivaldi** — một nhà soạn nhạc người Áo nổi tiếng, đặc biệt là với bộ **Bốn mùa** (The Four Seasons), trong đó **'Mùa xuân'** là bản nhạc đầu tiên, được sáng tác vào thế kỷ XVIII. Đây là thông tin trực tiếp, có thể xác minh từ bản nhạc gốc.

- **Nguồn knowledge graph**: Ghi nhận tác giả là **Nguyễn Nam** — một nhạc sĩ Việt Nam hiện đại, có thể là tác giả của một bản nhạc mang tên ""Mùa xuân"" trong bối cảnh văn hóa Việt Nam.

👉 **Giải thích sự khác biệt**:

- Có thể **trang sách nhạc** đang trình bày bản nhạc **'Spring' (Mùa xuân)** của Vivaldi, nhưng được **dịch hoặc ghi lại dưới tên tiếng Việt** — do đó, người đọc có thể hiểu là ""Mùa xuân"" là tên tác phẩm, nhưng không phải là tên tác giả.

- Trong khi đó, **knowledge graph** có thể đang liên kết tên ""Mùa xuân"" với một tác phẩm khác của **Nguyễn Nam**, có thể là bản nhạc dân gian, hiện đại, hoặc một bản phối lại — và hệ thống đã ghi nhận sai hoặc không phân biệt rõ ràng giữa các tác phẩm mang tên tương tự.

👉 **Kết luận chính xác**:

Dựa trên **bằng chứng trực tiếp từ hình ảnh trang sách nhạc**, nơi ghi rõ **""Tác giả: Antonín Vivaldi""**, và do **'Mùa xuân'** là tên bản nhạc nổi tiếng của Vivaldi trong bộ **Bốn mùa**, thì **tác phẩm 'Mùa xuân' được trình bày trong trang sách nhạc này được sáng tác bởi Antonín Vivaldi**.

👉 **Tuy nhiên, cần lưu ý**: Nếu người hỏi đang tham khảo một tác phẩm mang tên ""Mùa xuân"" của **Nguyễn Nam** (nhạc sĩ Việt Nam), thì đó là một tác phẩm khác — và knowledge graph có thể đang ghi nhận sai hoặc không phân biệt được giữa các tác phẩm mang tên giống nhau.

---

✅ **Đáp án cuối cùng**:  
**Tác phẩm 'Mùa xuân' được trình bày trong trang sách nhạc này được sáng tác bởi Antonín Vivaldi.**

*(Dựa trên bằng chứng trực tiếp từ hình ảnh trang sách nhạc.)*",Antonin Vivaldi,0,0.14137214137214135,0.723404255319149,0,0.04081632653061224,0.02127659574468085,0.07391852162956741,0.11814345991561181,YES
57,104308,Hoạt động 1 yêu cầu học sinh nêu những hàm số nào đã được học ở các lớp dưới và tập xác định của chúng là gì?,"Hoạt động 1 yêu cầu học sinh nêu các hàm số đã được học ở các lớp dưới cùng tập xác định của chúng như sau:

1. **Hàm số $ y = x^2 $**  
   - Tập xác định: $ \mathbb{R} $ (tất cả số thực).

2. **Hàm số $ y = x^{\frac{1}{2}} $** (hay $ y = \sqrt{x} $)  
   - Tập xác định: $ (0; +\infty) $ (số thực dương).

3. **Hàm số $ y = x^{-1} $** (hay $ y = \frac{1}{x} $)  
   - Tập xác định: $ \mathbb{R} \setminus \{0\} $ (tất cả số thực trừ 0).

Các hàm này được minh họa trong Hình 36, với lưu ý rằng tập xác định của hàm lũy thừa $ y = x^\alpha $ phụ thuộc vào giá trị của số mũ $ \alpha $ (dương, âm, nguyên, hữu tỉ, vô tỉ).","Dựa trên thông tin hiện có, **không có nội dung cụ thể nào trong knowledge graph đề cập đến “Hoạt động 1”** hoặc yêu cầu học sinh nêu các hàm số đã học ở các lớp dưới cùng tập xác định của chúng.

Tuy nhiên, từ ngữ cảnh liên quan đến **Hoạt động 2 và 3** trong knowledge graph — nơi đề cập đến việc áp dụng công thức đạo hàm của **hàm số lũy thừa** và **hàm hợp** — có thể suy ra rằng tài liệu này đang ở cấp độ **lớp 11 hoặc 12**, và **Hoạt động 1** có thể là phần **ôn tập kiến thức nền tảng** trước khi đi vào đạo hàm.

---

### Dựa trên kiến thức phổ thông Việt Nam (lớp 10, 11, 12), các hàm số cơ bản đã học ở các lớp dưới (lớp 10) bao gồm:

#### 1. **Hàm số bậc nhất**  
- **Định nghĩa**: \( y = ax + b \)  
- **Tập xác định**: \( D = \mathbb{R} \) (tập số thực)

#### 2. **Hàm số bậc hai**  
- **Định nghĩa**: \( y = ax^2 + bx + c \)  
- **Tập xác định**: \( D = \mathbb{R} \)

#### 3. **Hàm số lượng giác**  
- **Hàm số sin**: \( y = \sin x \) → \( D = \mathbb{R} \)  
- **Hàm số cos**: \( y = \cos x \) → \( D = \mathbb{R} \)  
- **Hàm số tan**: \( y = \tan x \) → \( D = \mathbb{R} \setminus \left\{ \frac{\pi}{2} + k\pi \mid k \in \mathbb{Z} \right\} \)  
- **Hàm số cot**: \( y = \cot x \) → \( D = \mathbb{R} \setminus \left\{ k\pi \mid k \in \mathbb{Z} \right\} \)

#### 4. **Hàm số mũ**  
- **Định nghĩa**: \( y = a^x \) (với \( a > 0, a \ne 1 \))  
- **Tập xác định**: \( D = \mathbb{R} \)

#### 5. **Hàm số logarit**  
- **Định nghĩa**: \( y = \log_a x \) (với \( a > 0, a \ne 1 \))  
- **Tập xác định**: \( D = (0, +\infty) \)

#### 6. **Hàm số căn bậc hai**  
- **Định nghĩa**: \( y = \sqrt{x} \)  
- **Tập xác định**: \( D = [0, +\infty) \)

---

### Kết luận:

Mặc dù **knowledge graph không cung cấp thông tin cụ thể về Hoạt động 1**, nhưng dựa trên chương trình toán phổ thông Việt Nam, học sinh thường được học các hàm số cơ bản sau ở lớp 10 và lớp 11:

| Hàm số | Tập xác định |
|--------|--------------|
| Hàm bậc nhất \( y = ax + b \) | \( \mathbb{R} \) |
| Hàm bậc hai \( y = ax^2 + bx + c \) | \( \mathbb{R} \) |
| Hàm lượng giác (sin, cos) | \( \mathbb{R} \) |
| Hàm lượng giác (tan, cot) | \( \mathbb{R} \setminus \) các điểm không xác định |
| Hàm mũ \( y = a^x \) | \( \mathbb{R} \) |
| Hàm logarit \( y = \log_a x \) | \( (0, +\infty) \) |
| Hàm căn bậc hai \( y = \sqrt{x} \) | \( [0, +\infty) \) |

→ **Hoạt động 1 có thể là phần ôn tập các hàm số này để chuẩn bị cho nội dung đạo hàm ở lớp 11 hoặc 12.**

Nếu tài liệu có hình ảnh hoặc nội dung cụ thể hơn về “Hoạt động 1”, bạn có thể cung cấp thêm để xác định chính xác hơn.","Hàm số $y = x^2$, tập xác định $\mathbb{R}$; hàm số $y = x^{\frac{1}{2}}$, tập xác định $(0; +\infty)$; hàm số $y = x^{-1}$, tập xác định $\mathbb{R} \setminus \{0\}$.",0,0.311336717428088,0.7419354838709677,0,0.430379746835443,0.27419354838709675,0.17358490566037735,0.41005291005291006,NO
58,104308,"Theo nội dung trong ảnh, tại sao SGK lại thừa nhận công thức tính đạo hàm của hàm số luỹ thừa y = x^α (α ∈ R) mà không chứng minh?","Theo nội dung trong ảnh, SGK thừa nhận công thức tính đạo hàm của hàm số luỹ thừa $ y = x^\alpha $ ($ \alpha \in \mathbb{R} $) **mà không chứng minh** vì lý do sau:  

Để chứng minh công thức này, **cần sử dụng kiến thức về đạo hàm của hàm số mũ và logarit** (như cách biến đổi $ x = e^{\ln x} $, dẫn đến $ y = x^\alpha = e^{\alpha \ln x} $, rồi áp dụng quy tắc đạo hàm hợp). Tuy nhiên, các khái niệm về hàm số mũ và logarit mới được giới thiệu ở **§4** (phần sau trong chương trình). Do đó, SGK tạm thời thừa nhận công thức để học sinh tiếp cận trước, và **sẽ chứng minh lại công thức này sau khi học xong §4**, khi học sinh đã nắm vững nền tảng cần thiết.  

Điều này giúp tránh việc làm phức tạp hóa bài học ở giai đoạn đầu, đồng thời đảm bảo tính logic trong tiến trình dạy-học (kiến thức được xây dựng từ đơn giản đến phức tạp).","Dựa trên nội dung trong ảnh và kiến thức từ knowledge graph, có thể phân tích như sau:

---

### **1. Nội dung trong ảnh (từ tài liệu hình ảnh)**

Từ hình ảnh, ta thấy có đoạn văn trình bày công thức đạo hàm của hàm số lũy thừa:

> **y' = (x^α)' = α x^(α - 1)**

với chú thích rằng **“Công thức này được thừa nhận trong SGK mà không chứng minh”** — điều này cho thấy SGK (Sách giáo khoa) đưa ra công thức này như một kết quả đã được xác nhận, không cần chứng minh trong chương trình phổ thông.

---

### **2. Lý do SGK không chứng minh công thức này**

Theo kiến thức trong knowledge graph, công thức đạo hàm của hàm số lũy thừa **y = x^α (α ∈ R)** có thể được chứng minh bằng cách:

> **Biến đổi x = e^(ln x)** và sử dụng **quy tắc đạo hàm hàm hợp**.

Tuy nhiên, **SGK không chứng minh công thức này** vì:

#### a) **Mục tiêu giáo dục là định hướng và ứng dụng, không phải là nghiên cứu sâu**

- Trong chương trình phổ thông, trọng tâm là giúp học sinh **hiểu và vận dụng** các công thức đạo hàm để giải bài tập, chứ không phải là đi sâu vào **phương pháp chứng minh** phức tạp.
- Chứng minh công thức này yêu cầu kiến thức về **logarit tự nhiên, hàm hợp, giới hạn và đạo hàm của hàm mũ**, vốn là nội dung **cao cấp hơn** và không phù hợp với chương trình học sinh phổ thông.

#### b) **Để tránh làm phức tạp nội dung chương trình**

- Việc chứng minh công thức này sẽ kéo dài thời gian học và làm mất tập trung vào các nội dung **cốt lõi** như: đạo hàm của hàm số đa thức, lượng giác, mũ, logarit, và các ứng dụng thực tiễn.
- SGK chọn cách **thừa nhận công thức** như một kết quả đã được xác lập, giúp học sinh tập trung vào việc **áp dụng** thay vì **phát triển lý thuyết**.

#### c) **Công thức này là nền tảng cho nhiều nội dung sau**

- Công thức đạo hàm của hàm lũy thừa là **cơ sở để chứng minh đạo hàm của hàm mũ, hàm logarit, và các hàm hợp phức tạp hơn**.
- Nếu học sinh không nắm vững công thức này, việc học các nội dung sau sẽ gặp khó khăn.

---

### **Kết luận**

SGK thừa nhận công thức đạo hàm của hàm số lũy thừa **y = x^α (α ∈ R)** mà không chứng minh nhằm:

✅ **Đơn giản hóa nội dung học tập** cho học sinh phổ thông.  
✅ **Tránh làm phức tạp chương trình** với các phương pháp chứng minh cao cấp.  
✅ **Định hướng học sinh tập trung vào ứng dụng và giải bài tập** thay vì nghiên cứu lý thuyết sâu.  
✅ **Làm nền tảng cho các nội dung đạo hàm phức tạp hơn** mà học sinh sẽ học ở cấp cao hơn.

---

👉 **Lưu ý**: Nếu học sinh muốn hiểu cách chứng minh, có thể tìm hiểu ở chương trình **Đại học hoặc cao cấp**, nơi sử dụng các công cụ như hàm mũ, logarit tự nhiên và đạo hàm hàm hợp.","Vì công thức này được chứng minh bằng cách sử dụng đạo hàm của hàm số mũ và logarit, và SGK không chứng minh các công thức đạo hàm phức tạp như vậy trong chương trình.",0,0.36752136752136755,0.7371428571428571,0,0.32227488151658773,0.19428571428571428,0.08251231527093596,0.2247191011235955,YES
59,104308,Quá trình chứng minh công thức đạo hàm của hàm số luỹ thừa y = x^α được trình bày trong ảnh diễn ra như thế nào?,"Theo nội dung trong ảnh, quá trình chứng minh công thức đạo hàm của hàm số luỹ thừa $ y = x^\alpha $ ($ \alpha \in \mathbb{R} $) được trình bày **bằng cách sử dụng hàm số mũ và lôgarit**, cụ thể như sau:

---

### **Bước 1: Biến đổi biểu thức**
Với $ x > 0 $, ta có:
$$
x = e^{\ln x}
$$
Do đó, hàm số luỹ thừa được viết lại dưới dạng hàm mũ:
$$
y = x^\alpha = \left(e^{\ln x}\right)^\alpha = e^{\alpha \ln x}.
$$

---

### **Bước 2: Áp dụng quy tắc đạo hàm hàm hợp**
Đạo hàm của $ y = e^{\alpha \ln x} $ được tính bằng cách sử dụng **quy tắc đạo hàm hàm hợp**:
$$
y' = \left(e^{\alpha \ln x}\right)' = e^{\alpha \ln x} \cdot (\alpha \ln x)'.
$$

---

### **Bước 3: Tính đạo hàm từng phần**
- Đạo hàm của $ e^{\alpha \ln x} $ giữ nguyên là $ e^{\alpha \ln x} $.
- Đạo hàm của $ \alpha \ln x $ là:
  $$
  (\alpha \ln x)' = \alpha \cdot \frac{1}{x}.
  $$

Thay vào, ta có:
$$
y' = e^{\alpha \ln x} \cdot \alpha \cdot \frac{1}{x}.
$$

---

### **Bước 4: Rút gọn biểu thức**
Vì $ e^{\alpha \ln x} = x^\alpha $, nên:
$$
y' = x^\alpha \cdot \alpha \cdot \frac{1}{x} = \alpha \cdot x^{\alpha - 1}.
$$

---

### **Kết luận**
Công thức đạo hàm của hàm số luỹ thừa được chứng minh là:
$$
\left(x^\alpha\right)' = \alpha x^{\alpha - 1}, \quad \text{với } x > 0.
$$

---

### **Lưu ý quan trọng**
- Chứng minh này **chỉ áp dụng khi $ x > 0 $** vì $ \ln x $ chỉ xác định với $ x > 0 $.
- Sách giáo khoa (SGK) ban đầu **thừa nhận công thức** mà không chứng minh ngay lập tức, nhưng sau đó hướng dẫn học sinh tự chứng minh bằng cách kết hợp kiến thức về đạo hàm hàm mũ và lôgarit (như trình bày ở trên). Điều này phù hợp với mục tiêu giảm tải lý thuyết phức tạp ở lớp dưới và tập trung vào ứng dụng.","Dựa trên thông tin từ **knowledge graph** và **ảnh**, quá trình chứng minh công thức đạo hàm của hàm số lũy thừa \( y = x^\alpha \) (với \( \alpha \in \mathbb{R} \)) được trình bày một cách **logic và chi tiết**, bao gồm các bước sau:

---

### **1. Sử dụng phép biến đổi logarit tự nhiên**
Để chứng minh, ta bắt đầu bằng cách **lấy logarit tự nhiên hai vế** của hàm số:

\[
\ln y = \ln(x^\alpha) = \alpha \ln x
\]

→ Đây là bước quan trọng để chuyển hàm lũy thừa thành dạng dễ dàng tính đạo hàm hơn.

---

### **2. Đạo hàm hai vế theo biến \( x \)**

Áp dụng phép đạo hàm hai vế, ta có:

\[
\frac{d}{dx}(\ln y) = \frac{d}{dx}(\alpha \ln x)
\]

→ Sử dụng quy tắc đạo hàm của hàm hợp và đạo hàm của hàm logarit:

\[
\frac{1}{y} \cdot y' = \alpha \cdot \frac{1}{x}
\]

---

### **3. Giải ra đạo hàm \( y' \)**

Nhân hai vế với \( y \) để giải ra \( y' \):

\[
y' = y \cdot \frac{\alpha}{x} = x^\alpha \cdot \frac{\alpha}{x} = \alpha x^{\alpha - 1}
\]

→ Đây là kết quả cuối cùng, chính là công thức đạo hàm cần chứng minh.

---

### **Bổ sung từ ảnh (nếu có):**
Dù không thể xem trực tiếp ảnh, nhưng dựa trên cách trình bày phổ biến trong tài liệu giáo dục, **ảnh có thể minh họa từng bước trên** (ví dụ: ghi công thức, vẽ biểu đồ đạo hàm, hoặc chú thích từng bước biến đổi). Điều này giúp người học dễ hình dung và theo dõi quá trình chứng minh một cách trực quan.

---

### **Kết luận:**
Quá trình chứng minh được trình bày **rõ ràng, có hệ thống**, bắt đầu từ phép biến đổi logarit, tiếp theo là đạo hàm hai vế, và kết thúc bằng việc rút ra công thức đạo hàm \( y' = \alpha x^{\alpha - 1} \). Đây là phương pháp **được sử dụng rộng rãi trong giải tích**, đặc biệt khi cần chứng minh đạo hàm của hàm số lũy thừa với số mũ thực.

---

✅ **Công thức cuối cùng được chứng minh:**

\[
\boxed{y' = \alpha x^{\alpha - 1}}
\]",Dùng công thức đạo hàm của hàm số mũ và hàm số logarit.,0,0.5430267062314541,0.56656346749226,0,0.06547619047619048,0.034055727554179564,0.22456351595424442,0.06549423893268648,YES
60,104094,"Để giải câu 6, phương pháp nào là hiệu quả nhất để tìm tọa độ giao điểm của hai hàm số đã cho, và tại sao phương pháp đó lại phù hợp trong trường hợp này?","Để giải câu 6, **phương pháp hiệu quả nhất** là **giải phương trình bằng cách đặt hai hàm số bằng nhau**, sau đó thực hiện các bước đại số đơn giản để tìm nghiệm. Dưới đây là lý do chi tiết:

---

### **Phương pháp cụ thể:**
1. **Đặt hai hàm số bằng nhau:**  
   Tại giao điểm, giá trị $ y $ của cả hai hàm phải bằng nhau. Do đó, ta giải phương trình:
   $$
   \frac{x^2 - 2x - 3}{x - 2} = x + 1
   $$
   với điều kiện $ x \neq 2 $ (vì mẫu số không được bằng 0).

2. **Khử mẫu số:**  
   Nhân cả hai vế với $ x - 2 $ (điều kiện $ x \neq 2 $):
   $$
   x^2 - 2x - 3 = (x + 1)(x - 2)
   $$

3. **Rút gọn phương trình:**  
   Khai triển vế phải:
   $$
   (x + 1)(x - 2) = x^2 - x - 2
   $$
   Thay vào phương trình:
   $$
   x^2 - 2x - 3 = x^2 - x - 2
   $$
   Trừ hai vế:
   $$
   -x - 1 = 0 \implies x = -1
   $$

4. **Kiểm tra nghiệm:**  
   - Với $ x = -1 $, mẫu số $ x - 2 = -3 \neq 0 $ (thỏa mãn điều kiện).
   - Thay vào $ y = x + 1 $, ta có $ y = 0 $.  
   → Tọa độ giao điểm là $ (-1; 0) $.

---

### **Tại sao phương pháp này phù hợp?**
1. **Trực tiếp và chính xác:**  
   Phương pháp này dựa trên định nghĩa cơ bản của giao điểm (hai đồ thị cắt nhau khi $ y_1 = y_2 $), đảm bảo không bỏ sót nghiệm.

2. **Đơn giản hóa nhờ phân tích đa thức:**  
   Tử số $ x^2 - 2x - 3 $ có thể phân tích thành $ (x - 3)(x + 1) $. Khi đặt bằng $ x + 1 $, ta thấy:
   $$
   \frac{(x - 3)(x + 1)}{x - 2} = x + 1
   $$
   - Nếu $ x + 1 \neq 0 $, chia cả hai vế cho $ x + 1 $ dẫn đến phương trình vô nghiệm ($ x - 3 = x - 2 $).
   - Nếu $ x + 1 = 0 $, ta có nghiệm duy nhất $ x = -1 $.  
   → Cách này giúp **tối ưu hóa quá trình giải** mà không cần khai triển toàn bộ.

3. **Phù hợp với dạng bài trắc nghiệm:**  
   Với các đáp án đã cho, việc giải phương trình đại số nhanh chóng cho kết quả chính xác, tránh phụ thuộc vào hình vẽ (không khả thi trong đề thi trắc nghiệm).

---

### **Kết luận:**
Phương pháp **giải phương trình bằng cách đặt hai hàm số bằng nhau** là tối ưu vì:
- Đảm bảo tính chính xác nhờ tuân thủ nguyên tắc toán học.
- Tiết kiệm thời gian nhờ rút gọn nhờ phân tích nhân tử.
- Phù hợp với đặc điểm của bài toán (hàm hữu tỷ và hàm bậc nhất), nơi phương trình thu được dễ dàng giải bằng đại số.

→ **Đáp án đúng:** (C) $ (-1; 0) $.","Để giải **câu 6**, phương pháp hiệu quả nhất để tìm tọa độ giao điểm của hai hàm số:

- \( y = \frac{x^2 - 2x - 3}{x - 2} \)
- \( y = x + 1 \)

là **đặt hai biểu thức hàm số bằng nhau và giải phương trình**, sau đó **kiểm tra điều kiện xác định** (do mẫu số \( x - 2 \ne 0 \Rightarrow x \ne 2 \)).

---

### **Tại sao phương pháp này phù hợp?**

1. **Tính chất cơ bản của giao điểm đồ thị hàm số**:  
   Giao điểm của hai đồ thị hàm số là các điểm có cùng hoành độ \( x \) và tung độ \( y \). Do đó, cách giải chuẩn là đặt \( f(x) = g(x) \) và giải phương trình. Đây là phương pháp đại số cơ bản, trực tiếp và không phụ thuộc vào hình ảnh hay đồ thị.

2. **Hàm số phân thức có thể phân tích tử số**:  
   Tử số của hàm số đầu tiên:  
   \[
   x^2 - 2x - 3 = (x - 3)(x + 1)
   \]  
   Không có nhân tử chung với mẫu số \( x - 2 \), nên không rút gọn được. Tuy nhiên, việc đặt hai hàm số bằng nhau cho phép ta giải phương trình:  
   \[
   \frac{(x - 3)(x + 1)}{x - 2} = x + 1
   \]  
   Sau đó, ta có thể nhân hai vế với \( x - 2 \) (với điều kiện \( x \ne 2 \)) để loại mẫu số và giải phương trình bậc hai.

3. **Phù hợp với đặc điểm của bài toán**:  
   Bài toán yêu cầu tìm tọa độ giao điểm — tức là nghiệm của phương trình hàm số — nên phương pháp đại số là tối ưu. Nó không cần vẽ đồ thị hay dự đoán, chỉ cần thực hiện các bước đại số chuẩn.

4. **Kiểm soát điều kiện xác định**:  
   Vì hàm số phân thức có mẫu số \( x - 2 \), nên nghiệm \( x = 2 \) (nếu có) sẽ bị loại. Phương pháp đặt bằng nhau giúp ta dễ dàng kiểm tra điều kiện này sau khi giải phương trình.

---

### **Kết luận**:

Phương pháp đặt hai hàm số bằng nhau và giải phương trình là **hiệu quả nhất** vì nó dựa trên định nghĩa cơ bản của giao điểm đồ thị hàm số, phù hợp với cấu trúc đại số của bài toán, và cho phép kiểm soát điều kiện xác định một cách chính xác. Đây là cách tiếp cận chuẩn mực, logic và không phụ thuộc vào yếu tố hình ảnh hay trực giác đồ thị.","Giải phương trình hoành độ giao điểm bằng cách đặt hai biểu thức bằng nhau, sau đó giải phương trình đại số. Phương pháp này phù hợp vì hai hàm số đều là hàm số đại số, nên có thể giải bằng đại số để tìm nghiệm chính xác.",0,0.6157517899761337,0.593103448275862,0,0.1859504132231405,0.10344827586206896,0.06718346253229975,0.06548672566371681,YES
61,104094,"Trong câu 7, biểu thức (x² + x + 4) có ảnh hưởng như thế nào đến số giao điểm của đồ thị hàm số với trục hoành, và làm thế nào để xác định được ảnh hưởng đó?","**Trả lời:**  
Biểu thức $x^2 + x + 4$ **không ảnh hưởng** đến số giao điểm của đồ thị với trục hoành vì phương trình $x^2 + x + 4 = 0$ **vô nghiệm thực**. Điều này được xác định thông qua việc tính **biệt thức $\Delta$** của tam thức bậc hai:

- Với phương trình $x^2 + x + 4 = 0$, ta có:
  $$
  \Delta = b^2 - 4ac = 1^2 - 4 \cdot 1 \cdot 4 = 1 - 16 = -15 < 0.
  $$
  Vì $\Delta < 0$, phương trình không có nghiệm thực, nghĩa là đồ thị của $y = x^2 + x + 4$ **không cắt trục hoành**.

- Do đó, số giao điểm của đồ thị $y = (x - 3)(x^2 + x + 4)$ với trục hoành chỉ phụ thuộc vào nhân tử $(x - 3)$. Giải $x - 3 = 0$ ta được $x = 3$ (nghiệm thực duy nhất).

**Kết luận:**  
Biểu thức $x^2 + x + 4$ không tạo thêm giao điểm với trục hoành do vô nghiệm thực. Số giao điểm tổng cộng là **1**, tương ứng với đáp án **(D)**. Phương pháp kiểm tra biệt thức $\Delta$ là cách hiệu quả để xác định ảnh hưởng của tam thức bậc hai đến số nghiệm thực.","Trong câu 7, biểu thức \( x^2 + x + 4 \) **không ảnh hưởng đến số giao điểm của đồ thị hàm số với trục hoành**, vì nó **không có nghiệm thực**, do đó **không tạo ra điểm giao với trục hoành**.

---

### **Cách xác định ảnh hưởng của biểu thức này:**

1. **Phân tích phương trình hàm số bằng 0**  
   Hàm số đã cho là:  
   \[
   y = (x - 3)(x^2 + x + 4)
   \]  
   Để tìm giao điểm với trục hoành, ta giải phương trình:  
   \[
   y = 0 \Rightarrow (x - 3)(x^2 + x + 4) = 0
   \]  
   → Phương trình này có nghiệm khi **ít nhất một trong hai nhân tử bằng 0**.

2. **Xét nghiệm của từng nhân tử**  
   - Nhân tử thứ nhất: \( x - 3 = 0 \Rightarrow x = 3 \) → **nghiệm thực** → tạo ra **1 điểm giao** với trục hoành.  
   - Nhân tử thứ hai: \( x^2 + x + 4 = 0 \) → cần tính **định thức (discriminant)**:  
     \[
     \Delta = b^2 - 4ac = 1^2 - 4(1)(4) = 1 - 16 = -15 < 0
     \]  
     → **Không có nghiệm thực** → **không tạo ra điểm giao** với trục hoành.

3. **Kết luận**  
   Do biểu thức \( x^2 + x + 4 \) **không có nghiệm thực**, nó **không đóng góp bất kỳ điểm giao nào** với trục hoành.  
   → **Số giao điểm với trục hoành chỉ đến từ nhân tử \( x - 3 \)** → **chỉ có 1 điểm giao**.

---

### **Tóm lại:**

- Biểu thức \( x^2 + x + 4 \) **không ảnh hưởng đến số giao điểm** vì nó **không có nghiệm thực**.
- Cách xác định ảnh hưởng: **tính định thức của phương trình bậc hai** trong biểu thức đó → nếu \( \Delta < 0 \), thì không có nghiệm thực → không tạo giao điểm với trục hoành.

→ Do đó, **số giao điểm với trục hoành chỉ phụ thuộc vào nhân tử còn lại**, và trong trường hợp này là **1 điểm giao**.","Biểu thức (x² + x + 4) không có nghiệm thực (Δ = -15 < 0), nên đồ thị hàm số không cắt trục hoành tại các điểm tương ứng với nghiệm của nó. Do đó, số giao điểm của đồ thị hàm số với trục hoành chỉ đến từ nghiệm của (x - 3) = 0, tức là 1 giao điểm.",0,0.6201232032854209,0.7823834196891192,0,0.36947791164658633,0.23834196891191708,0.1935483870967742,0.16301489921121823,YES
62,104094,"Nếu thay đổi hàm số y = x + 1 trong câu 6 thành y = x + a, với a là một hằng số, điều này sẽ ảnh hưởng như thế nào đến số lượng và vị trí các giao điểm của hai đồ thị hàm số?","Khi thay đổi hàm số $ y = x + 1 $ thành $ y = x + a $ (với $ a $ là hằng số), việc tìm giao điểm của hai đồ thị được thực hiện bằng cách giải phương trình:

$$
\frac{x^2 - 2x - 3}{x - 2} = x + a \quad (x \neq 2)
$$

### **Phân tích chi tiết:**
1. **Rút gọn phương trình:**
   - Nhân cả hai vế với $ x - 2 $ (điều kiện $ x \neq 2 $):
     $$
     x^2 - 2x - 3 = (x + a)(x - 2)
     $$
   - Khai triển vế phải:
     $$
     x^2 - 2x - 3 = x^2 + (a - 2)x - 2a
     $$
   - Rút gọn:
     $$
     -2x - 3 = (a - 2)x - 2a \implies -ax + (2a - 3) = 0
     $$
   - Giải ra:
     $$
     x = \frac{2a - 3}{a} \quad (a \neq 0)
     $$

2. **Ảnh hưởng của $ a $:**
   - **Trường hợp $ a \neq 0 $:**  
     Phương trình có **một nghiệm duy nhất** $ x = \frac{2a - 3}{a} $. Tọa độ giao điểm là:
     $$
     \left( \frac{2a - 3}{a},\ \frac{2a - 3}{a} + a \right)
     $$
     Vị trí giao điểm thay đổi tùy theo giá trị của $ a $:
     - Nếu $ a $ tăng/giảm, $ x $ dịch chuyển về phía dương/âm vô cùng.
     - Ví dụ: Với $ a = 1 $, giao điểm là $ (-1, 0) $ (câu 6 gốc); với $ a = 2 $, giao điểm là $ \left( \frac{1}{2}, \frac{5}{2} \right) $.

   - **Trường hợp $ a = 0 $:**  
     Phương trình trở thành:
     $$
     \frac{x^2 - 2x - 3}{x - 2} = x
     $$
     Rút gọn dẫn đến $ -3 = 0 $ (mâu thuẫn), **không có giao điểm**.

### **Kết luận:**
- **Số lượng giao điểm:**  
  - Luôn có **1 giao điểm** khi $ a \neq 0 $.  
  - **Không có giao điểm** khi $ a = 0 $.

- **Vị trí giao điểm:**  
  Thay đổi liên tục theo $ a $, được xác định bởi công thức $ x = \frac{2a - 3}{a} $. Khi $ a \to 0^\pm $, giao điểm tiến ra vô cùng xa (do $ x \to \mp \infty $).

### **Lý do phương pháp này phù hợp:**
- Việc giải phương trình đại số trực tiếp cho phép xác định **chính xác** số nghiệm và tọa độ giao điểm, đồng thời phân tích rõ ràng ảnh hưởng của tham số $ a $ đến kết quả.  
- Điều kiện $ x \neq 2 $ được kiểm tra ngay từ đầu, tránh sai sót do mẫu số bằng 0.","Để trả lời câu hỏi: **“Nếu thay đổi hàm số \( y = x + 1 \) trong câu 6 thành \( y = x + a \), với \( a \) là một hằng số, điều này sẽ ảnh hưởng như thế nào đến số lượng và vị trí các giao điểm của hai đồ thị hàm số?”**, chúng ta cần phân tích dựa trên kiến thức toán học tổng quát — vì **Bài toán 6** không được cung cấp đầy đủ trong knowledge graph, nên ta sẽ dựa vào logic hình học và đại số để suy luận.

---

### 📌 Giả thiết chung:

Giả sử trong **Bài toán 6**, bạn đang xét giao điểm giữa **hai đồ thị hàm số**, trong đó một trong hai hàm số là đường thẳng \( y = x + 1 \), và hàm số kia là một hàm số khác (ví dụ: \( y = f(x) \), có thể là parabol, đa thức, hoặc đường cong nào đó).

Khi bạn thay đổi \( y = x + 1 \) thành \( y = x + a \), bạn đang **dịch chuyển đường thẳng này dọc theo trục tung** một lượng \( |a - 1| \), tức là **tịnh tiến thẳng đứng**.

---

### 📈 Ảnh hưởng đến số lượng giao điểm:

- **Số lượng giao điểm giữa hai đồ thị phụ thuộc vào số nghiệm của phương trình:**
  \[
  x + a = f(x)
  \]
  hay
  \[
  f(x) - x - a = 0
  \]

- Khi bạn thay \( a \) bằng các giá trị khác nhau, bạn đang **thay đổi vị trí của đường thẳng**, do đó **số nghiệm của phương trình trên có thể thay đổi**.

➡️ **Ví dụ minh họa:**
- Nếu \( f(x) = x^2 \), thì giao điểm của \( y = x + 1 \) và \( y = x^2 \) là nghiệm của \( x^2 = x + 1 \Rightarrow x^2 - x - 1 = 0 \) → 2 nghiệm.
- Nếu thay bằng \( y = x + a \), ta có \( x^2 = x + a \Rightarrow x^2 - x - a = 0 \).
  - Số nghiệm phụ thuộc vào Δ = 1 + 4a.
  - Nếu \( a > -\frac{1}{4} \), có 2 nghiệm → số giao điểm không đổi.
  - Nếu \( a = -\frac{1}{4} \), có 1 nghiệm → giao điểm trùng nhau.
  - Nếu \( a < -\frac{1}{4} \), không có nghiệm → không có giao điểm.

➡️ **Kết luận:**  
**Số lượng giao điểm có thể thay đổi tùy theo giá trị của \( a \)** — có thể tăng, giảm, hoặc không có giao điểm, tùy vào hàm số \( f(x) \) đang xét.

---

### 📍 Ảnh hưởng đến vị trí các giao điểm:

- Khi thay \( y = x + 1 \) thành \( y = x + a \), bạn đang **dịch chuyển đường thẳng dọc theo trục y**.
- Điều này làm cho **tọa độ giao điểm thay đổi** — tức là **vị trí các điểm giao cắt sẽ dịch chuyển theo hướng của \( a \)**.

➡️ Ví dụ: Nếu \( a > 1 \), đường thẳng dịch lên trên → các giao điểm (nếu có) sẽ dịch lên trên.
➡️ Nếu \( a < 1 \), đường thẳng dịch xuống dưới → các giao điểm sẽ dịch xuống dưới.

---

### ✅ Tổng kết:

> Khi thay đổi hàm số \( y = x + 1 \) thành \( y = x + a \) (với \( a \) là hằng số bất kỳ), thì:
>
> 1. **Số lượng giao điểm có thể thay đổi** tùy theo hàm số thứ hai đang xét — có thể tăng, giảm, hoặc không có giao điểm.
> 2. **Vị trí các giao điểm (nếu có) sẽ dịch chuyển dọc theo trục tung**, tùy theo giá trị của \( a \).

---

### ⚠️ Lưu ý:

- Kết luận trên là **tổng quát**, dựa trên kiến thức toán học.
- Nếu trong **Bài toán 6** có hàm số cụ thể (ví dụ: \( y = x^2 \), \( y","Số giao điểm thay đổi tùy theo giá trị của a. Có thể là 0, 1 hoặc 2 giao điểm. Vị trí giao điểm cũng thay đổi theo a.",0,0.4057017543859649,0.5240793201133145,0,0.13612565445026176,0.07365439093484419,0.11503623188405797,0.10405257393209201,NO
63,28629,"Trong phần 'Chú ý', giáo viên có vai trò gì đối với học sinh liên quan đến nội dung về phép cộng vectơ và phép hợp lực?","Trong phần ""Chú ý"", giáo viên (GV) có vai trò **giảng giải cho học sinh (HS)** về sự tương thích giữa phép cộng vectơ và phép hợp lực, tổng hợp vận tốc. Cụ thể, GV cần làm rõ mối liên hệ giữa hai khái niệm này để HS hiểu được cách áp dụng phép toán vectơ vào việc tính hợp lực và tổng hợp vận tốc trong thực tế. Điều này giúp HS nắm vững bản chất vật lý của các phép toán, đồng thời củng cố kiến thức toán học thông qua ứng dụng cụ thể. 

Nội dung được nêu rõ ở cột bên phải của phần ""Chú ý"": *""HS đọc hiểu. GV giảng giải cho HS.""* → Giáo viên không chỉ yêu cầu HS tự đọc mà còn trực tiếp hướng dẫn, giải thích để đảm bảo HS tiếp thu đúng trọng tâm.","Trong phần **“Chú ý”** liên quan đến nội dung **phép cộng vectơ** và **phép hợp lực**, giáo viên đóng vai trò **giảng giải** để học sinh hiểu rõ sự tương thích giữa hai khái niệm này, đồng thời giúp học sinh nắm bắt **bản chất vật lý** đằng sau các phép toán.

Cụ thể, giáo viên cần:

✅ **Giảng giải rõ ràng** mối liên hệ giữa phép cộng vectơ và phép hợp lực (và tổng hợp vận tốc), giúp học sinh không chỉ nhớ công thức mà còn hiểu sâu sắc ý nghĩa vật lý.

✅ **Hướng dẫn học sinh đọc hiểu** nội dung, đặc biệt là các khái niệm trừu tượng như tổng hợp vận tốc hoặc hợp lực.

✅ **Phân tích và làm rõ bản chất vật lý** của phép cộng vectơ trong các tình huống thực tế (ví dụ: hợp lực của các lực tác dụng đồng thời, tổng hợp vận tốc của chuyển động phức tạp).

→ Vai trò của giáo viên ở đây không chỉ dừng lại ở việc truyền đạt kiến thức, mà là **hướng dẫn học sinh tư duy vật lý**, giúp họ thấy được sự liên hệ giữa toán học và vật lý trong các hiện tượng thực tiễn.

**Tóm lại**: Giáo viên là người **giảng giải, hướng dẫn và giúp học sinh hiểu sâu sắc bản chất vật lý** của phép cộng vectơ và phép hợp lực thông qua việc phân tích, so sánh và ứng dụng thực tế.",Giáo viên giảng giải cho học sinh.,0,0.4948453608247423,0.6666666666666666,0,0.09271523178807947,0.04861111111111111,0.17673888255416192,0.10074074074074074,YES
64,28629,"Phần 'Vận dụng' gợi ý điều gì về lực tổng hợp khi kéo pháo lên dốc, và lực này được tính như thế nào?","Trong phần **""Vận dụng""**, giáo viên gợi ý rằng:  
- **Lực tổng hợp** khi kéo pháo lên dốc là lực **$\vec{T}$** (tổng hợp của trọng lực $\vec{P}$ và phản lực $\vec{N}$), có phương dọc theo mặt dốc, hướng từ đỉnh dốc xuống chân dốc.  
- **Cách tính lực tổng hợp**:  
  Độ lớn của lực $\vec{T}$ được xác định bằng công thức:  
  $$
  |\vec{T}| = |\vec{P}| \cdot \sin 30^\circ = 11\,074 \, \text{(N)}.
  $$  
  Để kéo pháo lên dốc, lực kéo $\vec{F}$ cần thỏa mãn điều kiện:  
  $$
  |\vec{F}| > |\vec{T}| = 11\,074 \, \text{N}.
  $$  
- **Ví dụ minh họa**: Nếu mỗi người kéo với lực $100 \, \text{N}$, số người tối thiểu cần thiết là:  
  $$
  \frac{11\,074}{100} \approx 111 \, \text{người}.
  $$  

Như vậy, phần này nhấn mạnh việc áp dụng **phép cộng vectơ** để tính lực tổng hợp trong bài toán thực tế, đồng thời liên hệ trực tiếp với yêu cầu về độ lớn lực kéo cần thiết.","Dựa trên phần **“Vận dụng”** trong tài liệu, phần này **gợi ý cách tính lực tổng hợp cần thiết để kéo pháo lên dốc**, nhằm vượt qua các lực cản như thành phần trọng lực dọc dốc hoặc ma sát, và đưa ra một bài toán thực tiễn để áp dụng kiến thức vật lý.

---

### **1. Lực tổng hợp cần thiết khi kéo pháo lên dốc:**

- Lực tổng hợp cần thiết để kéo pháo lên dốc là **lực $\vec{F}$**, và nó **phải lớn hơn lực $\vec{T} = 11074 \, \text{N}$**.
- Điều này có nghĩa là lực tổng hợp cần thiết phải **trên 11074 N** để đảm bảo pháo có thể di chuyển lên dốc.

---

### **2. Cách tính lực tổng hợp:**

- Giả sử mỗi người kéo với lực **100 N**.
- Số người cần thiết để đạt được lực tổng hợp cần thiết là:

  $$
  \frac{11074 \, \text{N}}{100 \, \text{N/người}} = 110.74 \approx 111 \, \text{người}
  $$

→ Do số người phải là số nguyên và lực cần **vượt qua ngưỡng 11074 N**, nên **cần ít nhất 111 người** để kéo pháo lên dốc.

---

### **3. Ý nghĩa của phần “Vận dụng”:**

Phần này không chỉ đơn thuần là tính toán, mà còn **gợi ý một tình huống thực tiễn** để áp dụng kiến thức về lực tổng hợp, giúp học sinh hiểu rằng:

- Lực tổng hợp là tổng các lực tác dụng theo cùng hướng (trong trường hợp này là lực kéo từ nhiều người).
- Cần xem xét **điều kiện thực tế** (số người, lực mỗi người) để xác định lực tổng hợp cần thiết.
- Lực tổng hợp phải **lớn hơn lực cản** để vật có thể chuyển động — đây là nguyên lý cơ bản trong vật lý động lực học.

---

✅ **Tóm lại**:  
Phần “Vận dụng” gợi ý rằng **lực tổng hợp cần thiết để kéo pháo lên dốc phải lớn hơn 11074 N**, và được tính bằng cách **chia lực cần thiết cho lực mỗi người (100 N)**, từ đó suy ra **cần ít nhất 111 người** để thực hiện việc kéo pháo lên dốc.","Lực tổng hợp khi kéo pháo lên dốc phải lớn hơn lực trọng lượng, được tính bằng cách so sánh độ lớn: |F| > |T|, cụ thể là |F| = 11074(N) khi |T| = 11074(N) (do sin30° = 0,5).",0,0.4094488188976378,0.6380368098159509,0,0.23880597014925373,0.147239263803681,0.21473158551810237,0.18672199170124482,NO
65,28629,"Nếu mỗi người kéo pháo với một lực là 100N, thì cần tối thiểu bao nhiêu người để kéo pháo lên dốc, dựa trên tính toán trong phần 'Vận dụng'?","Để kéo pháo lên dốc, lực kéo **F** cần phải lớn hơn lực tổng hợp **T** (có độ lớn **11074 N**). Với mỗi người kéo với lực **100 N**, số người tối thiểu được tính như sau:

$$
\text{Số người} = \frac{11074}{100} = 110,74
$$

Do không thể có số người lẻ, ta làm tròn **lên** thành **111 người**. 

→ **Cần tối thiểu 111 người** để kéo pháo lên dốc.","Dựa trên tính toán trong phần **'Vận dụng'**, lực tối thiểu cần thiết để kéo pháo lên dốc là **11074 N**.

Vì mỗi người kéo với lực **100 N**, nên số người tối thiểu cần thiết là:

\[
\frac{11074}{100} = 110.74
\]

Do lực kéo phải **lớn hơn** 11074 N (theo yêu cầu trong đề bài), và số người phải là số nguyên, nên ta **làm tròn lên** đến số nguyên tiếp theo: **111 người**.

✅ **Kết luận: Cần tối thiểu 111 người để kéo pháo lên dốc.**",111 người,0,0.6538461538461539,0.7391304347826086,0,0.05633802816901409,0.028985507246376812,0.4579310344827586,0.05521472392638037,YES
66,27421,"Tiêu đề chính của nội dung được trình bày trong ảnh là gì, và nó có ý nghĩa như thế nào trong bối cảnh của tài liệu lớn hơn?","**Tiêu đề chính** của nội dung trong ảnh là **""SO SÁNH (tiếp theo)""**.  

### Ý nghĩa trong bối cảnh tài liệu lớn hơn:
1. **""SO SÁNH""** (so sánh) là chủ đề chính, thường xuất hiện trong các bài học về **ngôn ngữ, văn học** hoặc **kỹ năng phân tích** (ví dụ: so sánh đặc điểm của hai tác phẩm, nhân vật, sự kiện...).  
2. **""(tiếp theo)""** cho thấy đây là **phần tiếp nối** của một bài học/đơn vị kiến thức đã được giới thiệu trước đó. Điều này phổ biến trong sách giáo khoa (SGK) hoặc tài liệu giảng dạy, khi một chủ đề được chia thành nhiều phần để trình bày chi tiết, hệ thống.  
3. **Bối cảnh tổng thể**:  
   - Phần này thuộc **phân môn luyện tập/bài tập** (như dòng chữ *Bài tập* bên dưới), hướng dẫn học sinh làm các bài tập cụ thể (Bài tập 1, 2) ở trang 43 SGK.  
   - Số trang **21** ở góc dưới cùng bên phải có thể là trang của **sách bài tập**, **giáo án**, hoặc **tài liệu hướng dẫn** đi kèm, trong khi SGK (Sách Giáo Khoa) là nguồn tham khảo chính.  

### Tóm lại:
""SO SÁNH (tiếp theo)"" khẳng định đây là **phần mở rộng, củng cố** cho bài học về kỹ năng so sánh đã được dạy trước đó. Việc liệt kê bài tập cụ thể giúp học sinh áp dụng lý thuyết vào thực hành, đảm bảo tính liên tục và hệ thống trong quá trình học tập. Đây là cấu trúc điển hình của tài liệu giáo dục, nhằm phân chia nội dung phức tạp thành các bước nhỏ, dễ tiếp thu.","Dựa trên thông tin hiện có, **không thể xác định chính xác tiêu đề chính** của nội dung trong ảnh vì:

- Không có hình ảnh cụ thể được cung cấp để phân tích nội dung trực quan.
- Mặc dù có một thực thể trong knowledge graph (ID: 1) mô tả một **hình ảnh minh họa** trong sách giáo khoa về học sinh dân tộc Tây Nguyên tham gia hoạt động văn nghệ, nhưng **không có tiêu đề** nào được ghi rõ trong mô tả đó.

Tuy nhiên, nếu chúng ta hiểu rằng hình ảnh này là một phần của **tài liệu giáo dục** (sách giáo khoa), thì:

> **Ý nghĩa của hình ảnh trong bối cảnh tài liệu lớn hơn** là:  
> - Tạo **tình huống học tập thực tiễn**, giúp học sinh liên hệ với đời sống văn hóa của cộng đồng dân tộc Tây Nguyên.  
> - Dùng để **đặt câu hỏi**, khơi gợi tư duy, thảo luận về văn hóa, nghệ thuật, hoặc sự đa dạng văn hóa trong xã hội.

---

**Lưu ý**: Do thiếu thông tin trực quan (hình ảnh cụ thể), không thể xác định tiêu đề chính. Tuy nhiên, từ ngữ cảnh giáo dục và nội dung hình ảnh được mô tả, có thể suy ra rằng mục đích của hình ảnh là phục vụ cho mục tiêu giáo dục, đặc biệt là giúp học sinh tiếp cận và hiểu biết về văn hóa dân tộc Tây Nguyên thông qua hoạt động văn nghệ — một cách tiếp cận sinh động và gắn với thực tiễn.","Tiêu đề chính là ""SO SÁNH (tiếp theo)"". Nó có ý nghĩa là nội dung này là phần tiếp theo của chủ đề ""So sánh"" trong tài liệu lớn hơn, có thể là một chương hoặc bài học đang được trình bày.",0,0.3465160075329567,0.33454545454545453,0,0.23974763406940067,0.13818181818181818,0.07233867653103165,0.15734989648033126,NO
67,27421,"Các bài tập được đề cập trong ảnh nằm ở trang nào của sách giáo khoa (SGK), và tại sao việc xác định vị trí chính xác này lại quan trọng?","Các bài tập được đề cập trong ảnh đều nằm ở **trang 43** của sách giáo khoa (SGK), cụ thể:  
- Bài tập 1, trang 43, SGK.  
- Bài tập 2, trang 43, SGK.  

### Tại sao việc xác định vị trí chính xác này quan trọng?  
1. **Định hướng học tập hiệu quả**:  
   - Học sinh cần biết chính xác trang sách để nhanh chóng tìm kiếm nội dung, tránh lãng phí thời gian lật tìm.  
   - Giáo viên có thể tổ chức bài giảng, giao bài tập một cách mạch lạc, đảm bảo tính thống nhất trong lớp học.  

2. **Tránh nhầm lẫn với các tài liệu khác**:  
   - Nhiều sách giáo khoa có cấu trúc tương tự (ví dụ: cùng tên bài tập nhưng ở trang khác), việc ghi rõ trang giúp phân biệt nội dung cụ thể.  
   - Trong trường hợp có nhiều phiên bản sách (sửa đổi, tái bản), số trang có thể thay đổi, nên việc chỉ dẫn chi tiết giúp người dùng tra cứu đúng tài liệu.  

3. **Tính chuyên nghiệp và chuẩn mực**:  
   - Việc trích dẫn số trang chính xác tuân thủ nguyên tắc học thuật, đảm bảo tính minh bạch khi tham khảo nguồn.  
   - Hỗ trợ công tác kiểm tra, đánh giá: Giáo viên dễ dàng đối chiếu đáp án hoặc yêu cầu học sinh hoàn thành bài tập theo đúng mục tiêu bài học.  

4. **Phục vụ cho hệ thống hóa kiến thức**:  
   - Số trang là ""mốc"" để liên kết các phần nội dung (ví dụ: bài tập này liên quan đến lý thuyết ở trang trước đó), giúp người học xây dựng mạng lưới kiến thức logic.  

Tóm lại, việc xác định vị trí chính xác không chỉ đơn thuần là thông tin kỹ thuật mà còn là yếu tố then chốt để đảm bảo hiệu quả trong quá trình dạy và học.","Hiện tại, tôi không thể xác định chính xác **trang sách giáo khoa (SGK)** mà các bài tập trong ảnh được đề cập, vì:

- Không có hình ảnh cụ thể được cung cấp để tôi có thể phân tích hoặc trích xuất thông tin về vị trí bài tập trong SGK.
- Không có dữ liệu từ knowledge graph hoặc văn bản được trích xuất từ ảnh để xác định số trang hoặc vị trí cụ thể của bài tập.

Tuy nhiên, nếu bạn cung cấp hình ảnh hoặc mô tả chi tiết về nội dung bài tập (ví dụ: nội dung câu hỏi, hình minh họa, hoặc tiêu đề bài học), tôi có thể giúp bạn xác định vị trí chính xác hơn dựa trên các tài liệu liên quan.

---

### Tại sao việc xác định vị trí chính xác của bài tập lại quan trọng?

1. **Hỗ trợ học tập hiệu quả**:  
   Học sinh và giáo viên cần biết chính xác bài tập nằm ở đâu để dễ dàng tra cứu, ôn tập hoặc giảng dạy. Việc không xác định được vị trí có thể gây lãng phí thời gian và làm giảm hiệu quả học tập.

2. **Tạo sự nhất quán trong quá trình học và dạy**:  
   Việc xác định đúng vị trí giúp đảm bảo rằng học sinh đang làm đúng bài tập theo chương trình, tránh nhầm lẫn với bài tập khác hoặc chương khác.

3. **Giúp định hướng học tập và ôn tập**:  
   Khi biết được trang sách, học sinh có thể dễ dàng lật lại sách để xem lại lý thuyết liên quan, làm bài tập kèm theo, hoặc tham khảo ví dụ minh họa — từ đó tăng cường sự hiểu sâu sắc và ghi nhớ kiến thức.

4. **Hỗ trợ giáo viên trong việc thiết kế bài giảng và kiểm tra**:  
   Giáo viên có thể dễ dàng trích dẫn, phân bổ bài tập phù hợp với nội dung bài học, hoặc sử dụng bài tập đó trong các bài kiểm tra, bài tập nhóm, hoặc bài tập về nhà.

5. **Giảm thiểu sai sót trong quá trình học tập và đánh giá**:  
   Việc xác định đúng vị trí giúp tránh nhầm lẫn giữa các bài tập tương tự, từ đó đảm bảo tính chính xác trong quá trình học và đánh giá kết quả học tập.

---

📌 **Lời khuyên**: Nếu bạn có hình ảnh hoặc nội dung chi tiết của bài tập, hãy gửi lại để tôi hỗ trợ xác định vị trí chính xác trong SGK. Việc này sẽ giúp bạn học tập hiệu quả và tiết kiệm thời gian đáng kể!","Các bài tập nằm ở trang 43 của SGK. Việc xác định vị trí chính xác giúp học sinh dễ dàng tìm kiếm, thực hiện và kiểm tra bài tập đúng yêu cầu.",0,0.5154362416107383,0.6254071661237784,0,0.18235294117647058,0.10097719869706841,0.04889543446244477,0.15472415979708307,NO
68,27421,"Số ""21"" ở góc dưới bên phải của ảnh có thể biểu thị điều gì, và nó có liên quan như thế nào đến nội dung của các bài tập hoặc tài liệu tổng thể?","Số ""21"" ở góc dưới bên phải **là số trang của tài liệu hiện tại** (có thể là sách hướng dẫn, vở bài tập, hoặc tài liệu phụ trợ). Trong bối cảnh này:  
- **Ý nghĩa**: Đây không phải là trang của SGK (vì các bài tập đã chỉ rõ trang 43 SGK), mà là trang của tài liệu đang được sử dụng (ví dụ: sách giáo viên, vở bài tập, hoặc tài liệu tham khảo kèm theo).  
- **Tầm quan trọng**:  
  - Giúp người dùng định vị chính xác vị trí trong tài liệu hiện tại (không nhầm lẫn với trang SGK).  
  - Đảm bảo tính hệ thống khi tham chiếu (ví dụ: nếu cần trao đổi về nội dung ""trang 21"" trong tài liệu này, người đọc sẽ biết đúng vị trí).  
  - Phân biệt rõ ràng giữa tài liệu chính (SGK trang 43) và tài liệu hỗ trợ (trang 21), tránh hiểu lầm khi thực hiện bài tập.  

Điều này đặc biệt hữu ích trong môi trường giáo dục, nơi nhiều tài liệu được sử dụng song song (SGK, sách bài tập, hướng dẫn giảng dạy...).","Dựa trên phân tích từ cả **knowledge graph** và **bối cảnh hình ảnh**, có thể kết luận như sau:

---

### **1. Số ""21"" ở góc dưới bên phải có thể biểu thị điều gì?**

Số **“21”** ở góc dưới bên phải của ảnh **không có liên hệ trực tiếp với nội dung học thuật hoặc bài tập** được đề cập trong knowledge graph (như “Bài tập 2” trang 43 SGK về chủ đề “SO SÁNH”).

Tuy nhiên, dựa trên **bối cảnh hình ảnh**, số “21” rất có thể là:

- **Số trang của tài liệu hoặc sách giáo khoa** — tức là ảnh này được chụp từ trang 21 của một tài liệu khác (không phải trang 43 của SGK được đề cập trong knowledge graph).
- **Mã trang, số thứ tự, hoặc chỉ số hình ảnh** — trong một số tài liệu, góc dưới bên phải thường được dùng để ghi số trang, số hình, hoặc mã định danh.
- **Một yếu tố hình ảnh không liên quan đến nội dung học thuật** — nếu không có ngữ cảnh rõ ràng, số “21” có thể chỉ là một chi tiết hình ảnh (ví dụ: số trang của tài liệu nền, hoặc số thứ tự của hình minh họa).

---

### **2. Nó có liên quan như thế nào đến nội dung của các bài tập hoặc tài liệu tổng thể?**

- **Không có liên hệ trực tiếp với nội dung bài tập 2 (trang 43 SGK)** — vì trong knowledge graph, không có bất kỳ thông tin nào đề cập đến số “21” hoặc mối liên hệ giữa nó với bài tập hoặc tài liệu học thuật.
- **Có thể là trang tài liệu khác trong cùng bộ tài liệu** — nếu ảnh này được chụp từ một tài liệu khác (ví dụ: sách bài tập, tài liệu hướng dẫn, hoặc trang phụ lục), thì số “21” có thể là số trang của tài liệu đó.
- **Có thể là số thứ tự hình ảnh hoặc mục lục** — trong một số tài liệu giáo dục, góc dưới bên phải thường ghi số thứ tự hình minh họa (ví dụ: Hình 21, hoặc Trang 21).

---

### **Kết luận:**

> **Số “21” ở góc dưới bên phải rất có thể là số trang hoặc mã định danh của tài liệu hình ảnh này — không liên quan trực tiếp đến nội dung bài tập 2 (trang 43 SGK) được đề cập trong knowledge graph.**  
>  
> Nếu đây là một phần của bộ tài liệu học tập, số “21” có thể chỉ trang tài liệu khác trong cùng bộ tài liệu, hoặc là chỉ số hình ảnh. Trong trường hợp không có ngữ cảnh rõ ràng, nó là một yếu tố hình ảnh bổ sung, không phải là phần nội dung học thuật.

---

**Lưu ý:** Để xác định chính xác hơn, cần xem xét thêm ngữ cảnh của tài liệu (ví dụ: tên sách, tên chương, hoặc nội dung trang 21 nếu có thể).","Số ""21"" là số trang của tài liệu, cho biết vị trí của nội dung bài tập trong sách giáo khoa.",0,0.344311377245509,0.625,0,0.18536585365853658,0.10326086956521739,0.12941176470588237,0.15690376569037656,YES
69,5689,"Trong bài toán, người này bắt đầu làm việc vào lúc mấy giờ và kết thúc vào lúc mấy giờ?","Trong bài toán, người này bắt đầu làm việc vào lúc **8 giờ** và kết thúc vào lúc **11 giờ**. 

Đây là thông tin được nêu rõ trong đề bài: *""Một người làm việc từ 8 giờ đến 11 giờ thì xong 6 sản phẩm""*.","Trong bài toán, người này bắt đầu làm việc vào lúc **8 giờ** và kết thúc vào lúc **11 giờ**.

Thông tin này được xác nhận đồng nhất từ **hai nguồn dữ liệu độc lập**:

1. **Từ Knowledge Graph**: Dữ liệu này ghi nhận rõ ràng rằng người đó bắt đầu làm việc lúc 8 giờ và kết thúc lúc 11 giờ, tương ứng với thời gian làm việc là 3 giờ. Đây là dữ liệu đầu vào được sử dụng trong bài toán để tính toán thời gian trung bình hoàn thành một sản phẩm — tức là, thời gian làm việc 3 giờ được dùng để xác định năng suất (6 sản phẩm trong 3 giờ).

2. **Từ Document Images**: Trong hình ảnh tài liệu, cụ thể là trong câu hỏi được trích dẫn: *“Một người làm việc từ 8 giờ đến 11 giờ thì xong 6 sản phẩm”*, thông tin này được nêu rõ ràng và trực tiếp, khẳng định thời gian bắt đầu là 8 giờ và kết thúc là 11 giờ — hoàn toàn khớp với dữ liệu từ Knowledge Graph.

👉 **Kết luận**: Cả hai nguồn — Knowledge Graph và tài liệu hình ảnh — đều nhất quán và xác nhận rằng người đó bắt đầu làm việc lúc **8 giờ** và kết thúc lúc **11 giờ**. Đây là dữ liệu nền tảng cho bài toán, được sử dụng để tính toán các chỉ số như năng suất hoặc thời gian trung bình hoàn thành mỗi sản phẩm.

Nếu cần phân tích thêm về năng suất, thời gian trung bình, hoặc bối cảnh ứng dụng của dữ liệu này trong bài toán, bạn có thể cung cấp thêm chi tiết từ tài liệu hình ảnh hoặc yêu cầu giải thích sâu hơn.",8 giờ và 11 giờ.,0,0.2603550295857988,0.9777777777777777,0,0.19999999999999998,0.1111111111111111,0.2165016501650165,0.15458937198067632,YES
70,5689,"Tổng cộng, người này đã làm được bao nhiêu sản phẩm trong khoảng thời gian từ 8 giờ đến 11 giờ?","Tổng cộng, người này đã làm được **6 sản phẩm** trong khoảng thời gian từ 8 giờ đến 11 giờ. Điều này được nêu rõ trong đề bài: *""từ 8 giờ đến 11 giờ thì xong 6 sản phẩm""*. 

**Giải thích:**  
- Thời gian làm việc: Từ 8 giờ đến 11 giờ → Tổng thời gian là $ 11 - 8 = 3 $ giờ.  
- Số sản phẩm hoàn thành trong 3 giờ: **6 sản phẩm** (theo đề bài).  

Do đó, đáp số là **6 sản phẩm**.","Dựa trên thông tin hiện có, **không thể xác định được tổng số sản phẩm đã được làm trong khoảng thời gian từ 8 giờ đến 11 giờ**.

Lý do:
- Thông tin từ **knowledge graph** chỉ xác định khoảng thời gian làm việc là 3 giờ (từ 8h đến 11h), nhưng **không cung cấp bất kỳ dữ liệu nào về số lượng sản phẩm hoàn thành**, tốc độ làm việc, hoặc hiệu suất lao động.
- Do đó, **không có đủ thông tin để tính toán hoặc suy luận** số lượng sản phẩm đã được sản xuất trong khoảng thời gian đó.

Nếu bạn có thêm dữ liệu như:
- Số sản phẩm hoàn thành trong một khoảng thời gian khác,
- Tốc độ làm việc (ví dụ: 1 sản phẩm/h),
- Hoặc hình ảnh/thông tin trực quan từ tài liệu (nếu có),

→ Mình có thể giúp tính toán chính xác hơn.

**Kết luận**: **Không đủ thông tin để xác định số lượng sản phẩm đã làm được.**",6 sản phẩm,0,0.36437246963562747,0.5555555555555556,0,0.07142857142857142,0.037037037037037035,0.19446922390722568,0.054945054945054944,NO
71,5689,Bài toán yêu cầu chúng ta tính toán điều gì liên quan đến thời gian và số lượng sản phẩm?,"Bài toán yêu cầu tính **thời gian trung bình để hoàn thành 1 sản phẩm**, dựa trên tổng thời gian làm việc và số lượng sản phẩm đã hoàn thành. Cụ thể:  
- Tổng thời gian làm việc: Từ 8 giờ đến 11 giờ → **3 giờ**.  
- Số sản phẩm hoàn thành: **6 sản phẩm**.  
- Cần tính: Thời gian trung bình cho **1 sản phẩm** (bằng cách chia tổng thời gian cho số sản phẩm).  

Đây là bài toán về **tỷ lệ nghịch** giữa thời gian và số lượng sản phẩm, nhằm tìm giá trị trung bình cho một đơn vị công việc.","Bài toán yêu cầu chúng ta **tính thời gian trung bình cần để hoàn thành một sản phẩm**, dựa trên số lượng sản phẩm được đưa ra (ví dụ: 6 sản phẩm).

Cụ thể:
- **Số lượng sản phẩm**: Bài toán đề cập đến **6 sản phẩm**.
- **Đối tượng tính toán**: Là **thời gian trung bình** để hoàn thành **một sản phẩm**.
- **Mục tiêu**: Tính toán thời gian trung bình này, có thể thông qua việc sử dụng tổng thời gian hoàn thành toàn bộ sản phẩm chia cho số lượng sản phẩm (nếu dữ liệu tổng thời gian được cung cấp).

Tuy nhiên, để tính toán chính xác, cần thêm thông tin như **tổng thời gian sản xuất** hoặc các yếu tố liên quan đến năng suất, tốc độ, v.v. — nhưng theo dữ liệu hiện có, mục tiêu rõ ràng là xác định **thời gian trung bình hoàn thành một sản phẩm**.

👉 **Tóm lại**: Bài toán yêu cầu tính **thời gian trung bình hoàn thành một sản phẩm**, dựa trên số lượng sản phẩm (6 sản phẩm) và các dữ liệu liên quan đến thời gian sản xuất.",Thời gian trung bình để làm xong 1 sản phẩm.,0,0.4758620689655173,0.6831683168316832,0,0.16216216216216217,0.0891089108910891,0.29015544041450775,0.15019762845849802,NO
72,79402,"Theo hướng dẫn trong ảnh, ngón tay nào được chỉ định để gõ phím 'Q' ở hàng phím trên và hàng phím dưới?","Theo hướng dẫn trong ảnh:

- **Ở hàng phím trên (Hình 5)**: Phím **Q** được gõ bằng **ngón út trái** (ngón tay nhỏ nhất của bàn tay trái). Điều này thể hiện qua mũi tên đỏ chỉ từ ngón út trái đến phím Q trong sơ đồ.

- **Ở hàng phím dưới (Hình 6)**: Phím **Q không tồn tại ở hàng phím dưới** (hàng phím dưới thường là các phím như Z, X, C, V...). Tuy nhiên, nếu xét theo nguyên tắc chung trong hướng dẫn:  
  - *""Ngón tay vươn ra để gõ các phím ở hàng trên và co ngón tay để gõ các phím ở hàng dưới""* → Ngón út trái vẫn là ngón phụ trách khu vực này, nhưng **không dùng để gõ phím Q** (vì Q chỉ có ở hàng trên).

→ **Kết luận**:  
- Phím **Q ở hàng phím trên** được gõ bằng **ngón út trái**.  
- Phím **Q không xuất hiện ở hàng phím dưới**, nên câu hỏi có thể nhầm lẫn. Tuy nhiên, dựa trên nguyên tắc phân công ngón tay, ngón út trái vẫn là ngón ""chủ đạo"" cho khu vực bên trái bàn phím (kể cả khi gõ hàng dưới).  

**Trả lời chính xác**:  
Ngón tay được chỉ định để gõ phím **Q** (chỉ có ở hàng phím trên) là **ngón út trái**. Hàng phím dưới không có phím Q, nên không áp dụng.","Dựa trên hướng dẫn trong ảnh (theo chuẩn gõ phím QWERTY), ta có thể xác định như sau:

---

✅ **Ở hàng phím trên** (hàng chứa các phím: **QWERTYUIOP**):

- Phím **'Q'** được gõ bằng **ngón trỏ tay trái**.

👉 Đây là vị trí chuẩn theo phương pháp gõ phím QWERTY, được minh họa rõ ràng trong hình (Hình 5), nơi ngón trỏ tay trái được chỉ định gõ phím 'Q'.

---

❌ **Ở hàng phím dưới** (hàng chứa các phím như: **ZXCVBNM**):

- **Không có phím 'Q'** ở hàng này. Phím 'Q' là phím thuộc hàng phím trên (hàng thứ hai từ trên xuống).

👉 Do đó, **không có ngón tay nào được chỉ định để gõ phím 'Q' ở hàng phím dưới**, vì phím này **không tồn tại** ở hàng đó.

---

📌 **Kết luận**:

- **Hàng phím trên**: Ngón tay gõ phím **'Q'** là **ngón trỏ tay trái**.
- **Hàng phím dưới**: **Không có phím 'Q'**, nên **không có ngón tay nào được chỉ định** để gõ phím này ở hàng đó.

*(Lưu ý: Hướng dẫn trong ảnh minh họa chuẩn gõ phím QWERTY, với các ngón tay được gán cho từng phím cụ thể theo vị trí trên bàn phím.)*",Ngón tay trái của ngón trỏ.,0,0.6267942583732058,0.5796460176991151,0,0.043103448275862065,0.022123893805309734,0.1266735324407827,0.04803073967339097,NO
73,79402,"Hình 5 và Hình 6 trong ảnh minh họa sự phân công ngón tay cho việc gõ phím ở hàng phím trên và hàng phím dưới, vậy ngón tay nào chịu trách nhiệm cho phím 'Enter'?","Theo hình minh họa trong ảnh, **ngón út bên phải** (ngón tay cái nhỏ nhất của bàn tay phải) được chỉ định để gõ phím **Enter** ở cả hai trường hợp (hàng phím trên và hàng phím dưới). Điều này phù hợp với nguyên tắc gõ phím chuẩn: ngón út phải thường phụ trách các phím ở góc phải bàn phím như **Enter**, **Shift** phải, và các phím đặc biệt khác. 

Trong Hình 5 và Hình 6, mũi tên đỏ đều hướng đến phím **Enter** từ ngón út bên phải, khẳng định đây là ngón tay chịu trách nhiệm cho phím này.","Dựa trên thông tin từ **Hình 5** và **Hình 6** (mặc dù nội dung chi tiết của hình ảnh không được cung cấp đầy đủ trong văn bản, nhưng có thể suy luận từ ngữ cảnh và kiến thức chuẩn về kỹ thuật gõ phím QWERTY), ta có thể xác định như sau:

---

### **Phím 'Enter' được gõ bằng ngón tay trỏ của bàn tay phải (ngón trỏ phải)**.

---

### **Giải thích chi tiết:**

- **Hình 5** minh họa sự phân công ngón tay cho **hàng phím trên** (gồm các phím như Q, W, E, R, T, Y, U, I, O, P, và các phím điều khiển như Tab, Caps Lock, Enter, Shift, Ctrl, Alt, Backspace).  
  → Tuy nhiên, **Hình 5 không chỉ rõ ngón tay cụ thể gõ phím Enter**, vì phím Enter thường nằm ở **hàng phím dưới**, không phải hàng phím trên.

- **Hình 6** minh họa sự phân công ngón tay cho **hàng phím dưới** (gồm các phím như A, S, D, F, G, H, J, K, L, và phím Enter).  
  → Trong chuẩn gõ phím QWERTY phổ biến, **phím Enter** nằm ở vị trí **ngay dưới phím 'P' và 'O'**, thuộc hàng phím dưới, và được **gõ bằng ngón trỏ của bàn tay phải** (ngón trỏ phải), vì đây là ngón tay trung tâm của bàn tay phải, thường được dùng để gõ các phím lớn và thường xuyên như Enter, Space, và các phím điều khiển.

---

### **Kết luận:**

> **Ngón tay chịu trách nhiệm gõ phím 'Enter' là ngón trỏ của bàn tay phải.**

---

*(Lưu ý: Nếu có hình ảnh cụ thể, có thể xác minh thêm bằng cách kiểm tra vị trí phím Enter và ngón tay tương ứng trong Hình 6. Tuy nhiên, dựa trên kiến thức chuẩn và ngữ cảnh, kết luận trên là hợp lý và phổ biến trong kỹ thuật gõ phím.)*",ngón tay cái,0,0.3382352941176471,0.6764705882352942,0,0.05714285714285715,0.029411764705882353,0.027600849256900213,0.04979253112033195,NO
74,79402,"Dựa vào hướng dẫn trong ảnh, khi gõ các phím ở hàng trên và hàng dưới, ngón tay cần thực hiện động tác gì sau khi gõ phím để đảm bảo tốc độ và sự chính xác?","Theo hướng dẫn trong ảnh, sau khi gõ phím ở hàng trên hoặc hàng dưới, **ngón tay cần trở về vị trí phím khởi hành** (hàng phím cơ sở - hàng phím trung tâm với các phím như A, S, D, F, J, K, L). Điều này giúp đảm bảo tốc độ và sự chính xác khi gõ tiếp các phím tiếp theo, tránh mất thời gian tìm kiếm vị trí ban đầu. 

Cụ thể, phần chú thích màu vàng ghi rõ:  
*""Ngón tay vươn ra để gõ các phím ở hàng trên và có ngón tay để gõ các phím ở hàng dưới, rồi đưa về phím khởi hành.""*  

Đây là nguyên tắc cơ bản trong kỹ thuật gõ 10 ngón, giúp người dùng duy trì tư thế chuẩn và tăng hiệu suất gõ.","Dựa vào hướng dẫn trong ảnh (được xác định là **Hình 5** trong tài liệu), khi gõ các phím ở **hàng trên và hàng dưới** của bàn phím, ngón tay cần thực hiện động tác **trở về vị trí gốc (home position)** sau khi gõ phím để đảm bảo tốc độ và sự chính xác.

### Giải thích chi tiết:
- **Vị trí gốc (home position)**: Thường là phím **“A”** (hoặc “M” tùy theo bàn phím chuẩn) – nơi ngón tay trung tâm (ngón giữa của bàn tay trái hoặc phải) đặt chân để sẵn sàng gõ các phím khác.
- **Động tác trở về vị trí gốc** giúp:
  - Giảm thiểu sai sót do ngón tay “đi lạc” khi gõ phím.
  - Tăng tốc độ gõ phím vì ngón tay luôn sẵn sàng cho phím tiếp theo.
  - Duy trì sự cân bằng và kiểm soát khi gõ nhiều phím liên tiếp.
- **Hình 5** minh họa cách phân công ngón tay cho từng phím trên hàng trên (Q, W, E, R, T, Y, U, I, O, P) và hàng dưới (phím điều khiển như Tab, Caps Lock, Enter, Shift, Ctrl, Alt, Backspace), đồng thời nhấn mạnh việc **trở về vị trí gốc sau mỗi phím** là bước thiết yếu để duy trì hiệu suất gõ phím tối ưu.

👉 **Kết luận**: Động tác **trở về vị trí gốc** sau khi gõ phím là yêu cầu bắt buộc để đảm bảo cả **tốc độ và độ chính xác** khi gõ phím trên hàng trên và hàng dưới.",Rời phím và đưa tay về vị trí khởi hành.,0,0.43342036553524804,0.6194029850746269,0,0.125,0.06716417910447761,0.20774647887323944,0.11326860841423948,YES
75,65877,Bài tập này nằm trong chương nào của cuốn sách?,"Bài tập này nằm trong **Chương 8** của cuốn sách, như được ghi rõ ở tiêu đề ""BÀI TẬP CUỐI CHƯƠNG 8"" trên hình ảnh.","Dựa trên thông tin từ hình ảnh tài liệu, **bài tập này nằm trong Chương về Kĩ thuật giao cấu thuận tay**.

Cụ thể:
- Trang 60 (hình ảnh 2) có mục **“Bài 1. KĨ THUẬT GIAO CẤU THUẬN TAY (3 tiết)”**, cho thấy đây là bài học đầu tiên trong chương này.
- Trang 141 (hình ảnh 3) có mục **“Hoạt động 1. KHỞI ĐỘNG”** và nội dung liên quan đến bài tập, cho thấy bài tập được sử dụng trong chương này để thực hành hoặc khởi động cho học sinh.

Tuy nhiên, với dữ liệu hiện có trong knowledge graph, **không có thông tin cụ thể nào xác định chương của bài tập này**, do đó không thể xác định chương dựa trên nguồn này.

👉 **Kết luận**: Dựa trên hình ảnh tài liệu, bài tập nằm trong **Chương Kĩ thuật giao cấu thuận tay**.",Chương 8,0,0.1647058823529412,0.56,0,0.14814814814814814,0.08,0.1480552070263488,0.13559322033898305,NO
76,65877,Bài tập số 1 yêu cầu thực hiện thao tác gì với các hình ảnh và tên hình học?,"Bài tập số 1 yêu cầu **nối mỗi hình ảnh thực tiễn ở cột bên trái với tên một hình hình học phù hợp ở cột bên phải**. Cụ thể, học sinh cần quan sát hình ảnh thực tế (ví dụ: hình (1) là các chấm sáng trên nền tối) và chọn tên hình học tương ứng (trong ví dụ này, hình (1) sẽ nối với ""(A) Điểm"" vì các chấm sáng tượng trưng cho khái niệm ""điểm"" trong hình học).","Bài tập số 1 yêu cầu bạn **thực hiện thao tác nhận diện và phân loại các hình ảnh thực tiễn liên quan đến hình học**, cụ thể là **xác định tên hình học** tương ứng với từng hình ảnh được cung cấp.

### Chi tiết các thao tác cần thực hiện:
1. **Nhận diện hình ảnh thực tiễn** – Quan sát và phân tích các hình ảnh minh họa (ví dụ: đường thẳng, góc, hình vuông, hình chữ nhật...) để xác định các yếu tố hình học trong đó.
2. **Phân loại và gán tên hình học** – Dựa trên các đặc điểm hình học (ví dụ: song song, vuông góc, góc nhọn, góc tù, v.v.), gán tên chính xác cho từng hình ảnh.
3. **Liên kết giữa hình ảnh và khái niệm hình học** – Giải thích hoặc mô tả mối quan hệ giữa hình ảnh và khái niệm hình học tương ứng (ví dụ: “Hình ảnh này minh họa hai đường thẳng song song vì chúng không bao giờ gặp nhau”).

### Mục tiêu của bài tập:
- Rèn luyện khả năng quan sát và liên hệ giữa hình ảnh thực tế với khái niệm hình học.
- Củng cố kiến thức về các hình học cơ bản và các mối quan hệ giữa chúng.

→ Đây là một bài tập mang tính thực hành cao, giúp bạn vận dụng lý thuyết hình học vào việc phân tích hình ảnh cụ thể.",Nối mỗi hình ảnh ở cột bên trái với tên một hình hình học phù hợp ở cột bên phải.,0,0.3322884012539185,0.654320987654321,0,0.396039603960396,0.24691358024691357,0.13342599027102153,0.37155963302752293,YES
77,65877,"Hình ảnh (1) trong cột ""Hình ảnh thực tiễn"" mô tả cảnh vật gì?","Hình ảnh (1) trong cột ""Hình ảnh thực tiễn"" mô tả **bầu trời đêm với những ngôi sao lấp lánh**. Trong hình học, các ngôi sao được xem như ví dụ minh họa cho khái niệm **""điểm""** (vì chúng là những vị trí nhỏ, không có kích thước cụ thể khi quan sát từ xa), phù hợp với tên hình học đã cho là **(A) Điểm**.","Hình ảnh (1) trong cột ""Hình ảnh thực tiễn"" mô tả một **nền đen với nhiều chấm trắng nhỏ rải rác**, gợi hình ảnh **các ngôi sao trên bầu trời đêm**. Đây là một hình ảnh mang tính biểu tượng, được sử dụng để minh họa cho khái niệm **“Điểm” trong hình học**, như được ghi nhận trong văn bản đi kèm tài liệu (trang 102), nơi yêu cầu nối hình ảnh này với tên hình học phù hợp là **“(A) Điểm”**.

Mặc dù hình ảnh này có thể gợi liên tưởng đến cảnh vật thiên nhiên (bầu trời đêm), nhưng trong ngữ cảnh giáo dục hình học, nó được dùng như một **hình minh họa trừu tượng** để giúp học sinh hình dung và liên hệ khái niệm “điểm” – một đối tượng cơ bản trong hình học, không có kích thước, chỉ biểu thị vị trí.

**Tóm lại**:  
Hình ảnh (1) mô tả **cảnh vật biểu tượng như bầu trời đêm với các ngôi sao**, nhưng trong ngữ cảnh tài liệu, nó là **hình minh họa để dạy khái niệm “Điểm” trong hình học**.",Đêm đầy sao.,0,0.3904382470119522,0.7424242424242424,0,0.057971014492753624,0.030303030303030304,0.141991341991342,0.05863192182410423,YES
78,77792,"Theo tài liệu, những loại nhạc cụ nào có file âm thanh minh họa được sử dụng trong học liệu?","Theo tài liệu, các loại nhạc cụ có file âm thanh minh họa được sử dụng trong học liệu là: **đàn trưng, đàn đá, đàn k’lôngput**. Thông tin này được nêu rõ trong phần **""Học liệu""** (mục thứ hai):  
*""Các file âm thanh minh hoạ cho đàn trưng, đàn đá, đàn k’lôngput.""*","Theo tài liệu, những loại nhạc cụ có file âm thanh minh họa được sử dụng trong học liệu bao gồm:

- **Đàn t'rưng**
- **Đàn đá**
- **Đàn k'longput**

Đây là các nhạc cụ truyền thống được cung cấp file âm thanh để hỗ trợ học sinh nghe và mô phỏng âm thanh đặc trưng, nhằm tăng cường trải nghiệm học tập và hiểu biết về âm thanh của từng loại nhạc cụ.

*(Dựa trên thông tin trong tài liệu: ""Các file âm thanh được cung cấp để hỗ trợ học sinh nghe và mô phỏng âm thanh của các nhạc cụ truyền thống như đàn t'rưng, đàn đá, đàn k'longput."")*

> **Lưu ý**: Một số tài liệu hình ảnh có thể liệt kê thêm các nhạc cụ như **đàn đàn** và **đàn đờn**, nhưng theo thông tin từ **knowledge graph** (được xem là nguồn chính xác và có cơ sở trong tài liệu), chỉ có **đàn t'rưng, đàn đá, đàn k'longput** là được xác định rõ ràng có file âm thanh minh họa. Do đó, đáp án cuối cùng được căn cứ vào nguồn đáng tin cậy nhất trong tài liệu.","Đàn đá, đàn k’longput.",0,0.34538152610441764,0.7962962962962963,0,0.13559322033898305,0.07407407407407407,0.18887908208296558,0.15942028985507245,YES
79,77792,"Trong phần 'Chan trời sáng tạo', giáo viên được khuyến khích sử dụng phương pháp nào để giúp học sinh giải quyết vấn đề?","Trong phần **""Chân trời sáng tạo""**, giáo viên được khuyến khích sử dụng **hình ảnh trong tranh chủ đề** để **tạo tình huống** và **đặt câu hỏi** nhằm giúp học sinh **tự giải quyết vấn đề**. Cụ thể, tài liệu hướng dẫn:  
- Sử dụng hình ảnh minh họa (tranh chủ đề) để xây dựng bối cảnh thực tế, từ đó đặt câu hỏi gợi mở.  
- Kết hợp với các bước như cho học sinh quan sát nhạc cụ, nghe âm thanh mẫu, mô phỏng vận động theo tiết tấu... để kích thích tư duy và khả năng tự tìm hiểu của học sinh.  

Đây là phương pháp dạy học **khám phá** (theo hướng dẫn ở Phần Mở đầu, trang 45), tập trung vào việc phát huy tính chủ động, sáng tạo của học sinh thông qua trải nghiệm trực quan và tương tác.","Trong chương trình **“Chân trời sáng tạo”**, giáo viên được khuyến khích sử dụng **phương pháp dạy học dựa trên vấn đề (Problem-Based Learning - PBL)** và **phương pháp học tập khám phá, trải nghiệm** để giúp học sinh giải quyết vấn đề.

Cụ thể:

- **Phương pháp học tập dựa trên vấn đề (PBL)**: Giáo viên đặt ra các tình huống thực tiễn, vấn đề có tính chất mở, yêu cầu học sinh tự tìm hiểu, phân tích, thảo luận và đưa ra giải pháp. Điều này giúp học sinh phát triển tư duy phản biện, kỹ năng hợp tác và khả năng giải quyết vấn đề trong bối cảnh thực tế.

- **Phương pháp học tập khám phá và trải nghiệm**: Học sinh được khuyến khích tự khám phá kiến thức thông qua các hoạt động thực hành, thí nghiệm, quan sát, tìm tòi và rút ra kết luận. Phương pháp này phù hợp với đặc điểm nhận thức của học sinh tiểu học và THCS, giúp học sinh hiểu sâu và nhớ lâu hơn.

Các tài liệu giáo dục của “Chân trời sáng tạo” thường được thiết kế theo hướng **học qua làm, học qua trải nghiệm**, với các hoạt động nhóm, thảo luận, giải quyết tình huống gắn với đời sống, nhằm phát huy tính chủ động, sáng tạo của học sinh.

👉 **Lưu ý**: Mặc dù knowledge graph không cung cấp thông tin cụ thể về phương pháp dạy học, nhưng dựa trên nội dung chương trình giáo dục và các tài liệu minh họa (nếu có) từ “Chân trời sáng tạo”, phương pháp được khuyến khích là **học dựa trên vấn đề (PBL)** và **học thông qua khám phá, trải nghiệm**.

---

✅ **Tóm lại**:  
Giáo viên được khuyến khích sử dụng **phương pháp học dựa trên vấn đề (PBL)** và **phương pháp học khám phá, trải nghiệm** để giúp học sinh giải quyết vấn đề trong chương trình “Chân trời sáng tạo”.",Dùng hình ảnh trong tranh chủ đề để tạo tình huống và đặt câu hỏi giúp học sinh tự giải quyết vấn đề.,0,0.3940042826552463,0.6433566433566433,0,0.2650602409638554,0.15384615384615385,0.09464285714285714,0.2631578947368421,NO
80,77792,"Sau khi học sinh quan sát và nêu tên nhạc cụ, giáo viên nên thực hiện bước tiếp theo nào theo gợi ý trong tài liệu?","Theo tài liệu, sau khi học sinh quan sát và nêu tên nhạc cụ, giáo viên nên **cho học sinh nghe âm thanh nhạc cụ từ file mẫu, và yêu cầu học sinh dùng giọng mô phỏng lại âm thanh của nhạc cụ đó** (theo mục *Câu hỏi gợi ý* trong phần *Chân trời sáng tạo*).","Dựa trên gợi ý trong tài liệu (được suy luận từ ngữ cảnh dạy học âm nhạc và các bước tiếp theo thường được khuyến nghị), sau khi học sinh đã quan sát và nêu tên nhạc cụ, **giáo viên nên thực hiện bước tiếp theo là giới thiệu thêm về nhạc cụ đó**.

Cụ thể, giáo viên có thể:

1. **Giới thiệu thêm về nhạc cụ** – như chức năng, cách chơi, nguồn gốc, hoặc vai trò trong âm nhạc.
2. **Hướng dẫn học sinh chơi thử hoặc mô phỏng cách chơi** – để học sinh tiếp cận trực tiếp với nhạc cụ.
3. **So sánh với các nhạc cụ khác** – để giúp học sinh nhận diện đặc điểm và sự khác biệt.
4. **Liên hệ với bài hát hoặc hợp âm** – để học sinh hiểu cách nhạc cụ đó được sử dụng trong âm nhạc thực tế.
5. **Yêu cầu học sinh mô tả âm thanh hoặc cảm nhận khi nghe nhạc cụ đó chơi** – để phát triển kỹ năng cảm thụ âm nhạc.

→ **Bước tiếp theo được khuyến nghị nhất là: Giới thiệu thêm về nhạc cụ (chức năng, cách chơi, nguồn gốc, vai trò...)** – đây là bước logic và giáo dục để chuyển từ nhận biết hình thức sang hiểu biết sâu hơn, phù hợp với phương pháp dạy học tích cực và phát triển tư duy.

*(Lưu ý: Nếu tài liệu gốc có hướng dẫn cụ thể, bước này có thể được điều chỉnh. Tuy nhiên, dựa trên kiến thức giáo dục âm nhạc phổ thông, bước “giới thiệu thêm” là bước tiếp theo hợp lý nhất sau khi học sinh nêu tên nhạc cụ.)*","Cho học sinh nghe âm thanh nhạc cụ từ file mẫu, và yêu cầu học sinh dùng giọng nói mô phỏng lại âm thanh của nhạc cụ đó.",0,0.23952095808383234,0.7142857142857143,0,0.6428571428571429,0.48214285714285715,0.06864686468646865,0.6321525885558583,NO
81,36286,Bài học trong ảnh hướng dẫn luyện tập những gì liên quan đến kí hiệu nốt nhạc bàn tay?,"Bài học trong ảnh hướng dẫn **luyện tập mẫu 5 âm theo kí hiệu nốt nhạc bàn tay**. Cụ thể:  
- Phần ""Luyện tập mẫu 5 âm theo kí hiệu nốt nhạc bàn tay"" nêu rõ mục tiêu là thực hành với mẫu có 5 nốt nhạc, sử dụng các kí hiệu bàn tay (màu sắc tương ứng với từng nốt: Đô, Rê, Mi, Pha, Son, La, Đố) để nhận diện và ghi nhớ nốt.  
- Ví dụ minh họa là ""Mẫu 5 âm"", kèm hình ảnh các bàn tay màu sắc biểu diễn thứ tự nốt nhạc.  
- Phần ""Thực hành đọc nhạc theo mẫu"" yêu cầu học sinh áp dụng kí hiệu bàn tay để đọc nhạc trên khuông nhạc, kết hợp giữa nốt nhạc viết và hình ảnh bàn tay tương ứng.  

Tóm lại, bài tập trọng tâm là **thực hành mẫu 5 nốt nhạc thông qua hệ thống kí hiệu bàn tay** để rèn kỹ năng nhận biết và đọc nhạc.","Bài học trong ảnh hướng dẫn luyện tập **mẫu 5 âm theo kí hiệu nốt nhạc bàn tay**, giúp học sinh nhận biết và thực hành đọc nhạc thông qua các **cử chỉ tay tương ứng với từng nốt nhạc cơ bản** như: Đô, Rê, Mi, Pha, Son, La, Đổ.

Cụ thể, bài học kết hợp **nghe, nhìn và vận động tay** để trẻ dễ dàng tiếp cận, ghi nhớ và vận dụng các nốt nhạc thông qua hình ảnh cử chỉ tay trực quan. Đây là phương pháp giáo dục âm nhạc hiệu quả, giúp học sinh hiểu và thực hành các vị trí nốt nhạc trên bàn tay một cách sinh động và dễ hiểu.

*(Lưu ý: Mặc dù không có hình ảnh trực tiếp, nhưng dựa trên thông tin từ knowledge graph và nội dung trong ảnh, nội dung luyện tập được xác định rõ ràng là tập trung vào mẫu 5 âm với kí hiệu nốt nhạc bàn tay.)*",Luyện tập mẫu 5 âm theo kí hiệu nốt nhạc bàn tay.,0,0.5538461538461538,0.5555555555555556,0,0.13793103448275862,0.07407407407407407,0.18565400843881857,0.13049267643142476,YES
82,36286,Tiêu đề chính của bài học nhạc này là gì và nó bao gồm những nốt nhạc nào?,"Tiêu đề chính của bài học nhạc này là **""ĐÔ – RÊ – MI – PHA – SON – LA – ĐỐ""**.  
Bài học bao gồm các nốt nhạc: **Đô, Rê, Mi, Pha, Son, La, Đố** (tương ứng với hệ thống nốt nhạc phương Tây: C, D, E, F, G, A, B).  

Lưu ý: Trong tiếng Việt, tên các nốt thường được gọi là **Đô, Rê, Mi, Fa, Sol, La, Si**, nhưng ở đây có sự thay thế một số từ (ví dụ: ""Pha"" thay cho ""Fa"", ""Son"" thay cho ""Sol"", ""Đố"" thay cho ""Si""), có thể do cách phát âm địa phương hoặc quy ước riêng của tài liệu.","Tiêu đề chính của bài học nhạc này là **“BÀI 11”**.

Bài học này bao gồm các **nốt nhạc cơ bản** sau:  
**Đô, Rê, Mi, Pha, Son, La, Đổ**.

Đây là các nốt nhạc cơ bản trong hệ thống nốt nhạc truyền thống, thường được giới thiệu đầu tiên trong các bài học âm nhạc cơ sở để giúp học sinh làm quen với hệ thống nốt nhạc và bảng nhạc mẫu. Các nốt này cũng được trình bày rõ ràng trong sách giáo khoa và bảng nhạc mẫu để hỗ trợ học sinh ghi nhớ và thực hành.

> ✅ **Tóm tắt:**  
- **Tiêu đề bài học:** BÀI 11  
- **Nốt nhạc bao gồm:** Đô, Rê, Mi, Pha, Son, La, Đổ

Nếu bạn cần thêm thông tin về cách đọc, ký hiệu hoặc ứng dụng của các nốt này trong bài học, mình có thể hỗ trợ thêm!",Đô - Rê - Mi - Pha - Son - La - Đô,0,0.3775100401606426,0.4519230769230769,0,0.12612612612612611,0.0673076923076923,0.20433996383363473,0.11244979919678715,NO
83,36286,"Ngoài phần luyện tập theo kí hiệu nốt nhạc bàn tay, bài học còn yêu cầu thực hành điều gì khác?","Ngoài phần luyện tập mẫu 5 âm theo kí hiệu nốt nhạc bàn tay, bài học còn yêu cầu **thực hành đọc nhạc theo mẫu** (đọc các nốt nhạc được viết trên khuông nhạc kèm theo hình minh họa tương ứng với kí hiệu bàn tay). Học sinh cần tập trung vào việc nhận diện và đọc đúng các nốt nhạc dựa trên mẫu có sẵn trong bài.","Dựa trên thông tin từ cả hai nguồn:

- **Theo Knowledge Graph**: Không có dữ liệu nào đề cập đến các hoạt động thực hành khác ngoài “luyện tập mẫu 5 âm theo kí hiệu nốt nhạc bàn tay”. Mô tả này chỉ tập trung vào việc sử dụng cử chỉ tay để nhận biết và thực hành các nốt nhạc cơ bản (Đô, Rê, Mi, Pha, Son, La, Đổ) nhằm phát triển kỹ năng nghe, nhìn và vận động tay đồng thời.

- **Theo Document Images**: Ngoài phần luyện tập theo kí hiệu nốt nhạc bàn tay (được mô tả ở trang 41), bài học còn yêu cầu thực hành **đọc nhạc theo các nốt nhạc cơ bản**, có thể bao gồm việc **đọc và hát theo bản nhạc đơn giản**, hoặc **đọc nhạc theo dòng nhạc (staff)**, tùy vào nội dung hình ảnh cụ thể.

👉 **Kết luận**:  
**Ngoài phần luyện tập theo kí hiệu nốt nhạc bàn tay, bài học còn yêu cầu thực hành đọc nhạc theo các nốt nhạc cơ bản**, có thể bao gồm việc đọc và hát theo bản nhạc đơn giản hoặc đọc nhạc theo dòng nhạc (staff), dựa trên nội dung hình ảnh. Tuy nhiên, Knowledge Graph không đề cập đến các hoạt động này, nên có thể bài học trong tài liệu hình ảnh bổ sung thêm nội dung thực hành ngoài phần luyện tập bằng cử chỉ tay.

Nếu bạn cần chi tiết cụ thể hơn từ hình ảnh (ví dụ: bản nhạc mẫu, dòng nhạc, hay hướng dẫn đọc), mình có thể phân tích sâu hơn nếu có thêm hình ảnh hoặc nội dung văn bản từ tài liệu.",Thực hành đọc nhạc theo mẫu.,0,0.3179190751445087,0.8088235294117647,0,0.1621621621621622,0.08823529411764706,0.1125158027812895,0.16766467065868262,YES
84,17596,"Theo tài liệu, người học cần đạt được những kiến thức gì về kĩ thuật giao cầu?","Theo tài liệu, người học cần đạt được các kiến thức sau về kĩ thuật giao cầu:  
1. **Nhận biết được mục đích, tác dụng của luyện tập kĩ thuật giao cầu.**  
2. **Nhận biết được cấu trúc và hoạt động của kĩ thuật giao cầu.**  
3. **Bước đầu biết cách tự luyện tập và sửa chữa một số sai sót đơn giản trong luyện tập.**  
4. **Biết cách vận dụng bài tập để tự rèn luyện thân thể.**  

Các yêu cầu này được nêu rõ trong phần **""II. YÊU CẦU CẦN ĐẠT – 1. Kiến thức""** của tài liệu.","Theo tài liệu, người học cần đạt được những kiến thức sau về kỹ thuật giao cầu:

1. **Mục đích của kỹ thuật giao cầu**: Hiểu rõ lý do tại sao kỹ thuật này được sử dụng trong thể thao (ví dụ: trong bóng chuyền, giao cầu giúp chuyển bóng nhanh, chính xác và tạo cơ hội tấn công hoặc phòng thủ).

2. **Cấu trúc kỹ thuật**: Biết các thành phần cơ bản của kỹ thuật giao cầu, bao gồm tư thế cơ thể, cách cầm vợt (nếu áp dụng), hướng di chuyển tay, góc độ giao cầu, và sự phối hợp giữa các bộ phận cơ thể.

3. **Hoạt động và cơ chế thực hiện**: Hiểu cách thức thực hiện kỹ thuật từ giai đoạn chuẩn bị đến giai đoạn thực hiện, bao gồm các bước như: chuẩn bị tư thế, di chuyển chân, đưa tay, giao cầu và kết thúc động tác.

4. **Cách luyện tập**: Biết các phương pháp, bài tập và chương trình luyện tập phù hợp để cải thiện kỹ thuật giao cầu, bao gồm luyện tập lặp lại, luyện tập trong tình huống thi đấu, và luyện tập với sự hỗ trợ của đồng đội hoặc huấn luyện viên.

5. **Sửa chữa sai sót**: Hiểu cách nhận diện và khắc phục các lỗi kỹ thuật thường gặp trong quá trình thực hiện giao cầu, từ đó nâng cao độ chính xác và hiệu quả của động tác.

Những kiến thức này giúp người học không chỉ nắm vững lý thuyết mà còn có thể vận dụng thực tế, cải thiện kỹ năng và phát triển tư duy chiến thuật trong quá trình luyện tập và thi đấu.","Nhận biết được mục đích, tác dụng của luyện tập kĩ thuật giao cầu.  
Nhận biết được cấu trúc và hoạt động của kĩ thuật giao cầu.  
Bước đầu biết cách tự luyện tập và sửa chữa một số sai sót đơn giản trong luyện tập.  
Biết cách vận dụng bài tập để tự rèn luyện thân thể.",0,0.38219895287958117,0.7373737373737373,0,0.7388535031847133,0.5858585858585859,0.22018348623853212,0.2457627118644068,NO
85,17596,Tài liệu đề cập đến những kĩ năng cụ thể nào cần đạt được trong kĩ thuật giao cầu?,"Theo tài liệu, người học cần đạt được các **kĩ năng** cụ thể sau về kĩ thuật giao cầu:  
1. **Thực hiện được kĩ thuật giao cầu**.  
2. **Bước đầu thực hiện được kĩ thuật giao cầu theo động tác mẫu và yêu cầu của GV** (giáo viên).  
3. **Phát hiện và tự sửa chữa được một số sai sót đơn giản trong luyện tập**.  
4. **Bước đầu thực hành được các hình thức luyện tập cá nhân, tổ, nhóm**.  
5. **Vận dụng được các bài tập đã học để tự luyện tập**.  
6. **Vận dụng được luật giao cầu trong luyện tập và thi đấu**.  

Các kĩ năng này tập trung vào việc áp dụng thực hành, tự điều chỉnh, và linh hoạt trong các tình huống tập luyện cũng như thi đấu.","Dựa trên thông tin trong tài liệu, các kỹ năng cụ thể cần đạt được trong kỹ thuật giao cầu bao gồm:

1. **Thực hiện kỹ thuật giao cầu** – Đây là kỹ năng nền tảng, yêu cầu người học phải nắm vững và thực hành đúng các động tác kỹ thuật cơ bản trong môn giao cầu.

2. **Thực hiện theo mẫu và yêu cầu của giáo viên** – Người học cần tuân thủ các mẫu động tác và hướng dẫn cụ thể do giáo viên đưa ra, đảm bảo tính chuẩn mực và đúng quy trình.

3. **Phát hiện và sửa chữa sai sót** – Kỹ năng tự nhận diện lỗi trong quá trình thực hiện và có khả năng điều chỉnh, sửa chữa để cải thiện kỹ thuật.

4. **Thực hành các hình thức luyện tập cá nhân, tổ, nhóm** – Người học cần linh hoạt trong việc áp dụng các phương pháp luyện tập khác nhau để nâng cao kỹ năng, từ luyện tập đơn lẻ đến luyện tập theo nhóm.

5. **Vận dụng luật giao cầu trong luyện tập và thi đấu** – Hiểu và áp dụng đúng các quy định, luật lệ của môn giao cầu trong cả quá trình luyện tập lẫn thi đấu thực tế.

Những kỹ năng trên giúp người học không chỉ nắm vững kỹ thuật mà còn phát triển tư duy chiến thuật, khả năng tự học và ứng dụng thực tiễn trong môn giao cầu.","Thực hiện được kĩ thuật giao cầu.  
Bước đầu thực hiện được kĩ thuật giao cầu theo động tác mẫu và yêu cầu của GV.  
Phát hiện và tự sửa chữa được một số sai sót đơn giản trong luyện tập.  
Bước đầu thực hành được các hình thức luyện tập cá nhân, tổ, nhóm.  
Vận dụng được các bài tập đã học để tự luyện tập.  
Vận dụng được luật giao cầu trong luyện tập và thi đấu.",0,0.5319148936170213,0.746268656716418,0,0.7417840375586855,0.5895522388059702,0.19729888432178508,0.6347554630593132,YES
86,17596,"Ngoài kiến thức và kĩ năng, tài liệu còn nhấn mạnh đến yếu tố nào khác trong quá trình luyện tập?","Ngoài kiến thức và kỹ năng, tài liệu còn nhấn mạnh hai yếu tố sau trong quá trình luyện tập:  
1. **Thể lực**: Phát triển năng lực liên kết vận động, năng lực định hướng và năng lực sức mạnh tốc độ.  
2. **Thái độ**:  
   - Tích cực, chủ động trong phối hợp nhóm và tổ để luyện tập.  
   - Hình thành thói quen và nhu cầu tự luyện tập.  
   - Biết hướng dẫn, giúp đỡ bạn bè cùng luyện tập.  

Đây là những yếu tố quan trọng góp phần nâng cao hiệu quả rèn luyện kỹ thuật giao cầu.","Ngoài kiến thức và kỹ năng, tài liệu còn nhấn mạnh đến **thái độ học tập tích cực, chủ động trong nhóm**, giúp hình thành thói quen tự luyện tập và biết giúp đỡ bạn bè trong quá trình luyện tập. Đây là yếu tố quan trọng góp phần tạo nên sự gắn kết, động lực và môi trường học tập hiệu quả.

*(Lưu ý: Một số tài liệu cũng đề cập đến yếu tố “thể lực”, nhưng dựa trên phân tích từ kiến thức đồ thị, “thái độ” là yếu tố được nhấn mạnh rõ ràng và đầy đủ nhất trong nội dung tài liệu.)*",Thể lực,0,0.5911330049261084,0.6185567010309279,0,0.04040404040404041,0.020618556701030927,0.13837837837837838,0.03056768558951965,NO
87,16725,"Theo tài liệu, những điều cần lưu ý khi sử dụng phương pháp đóng vai trong giảng dạy là gì?","Theo tài liệu, những điều cần lưu ý khi sử dụng phương pháp đóng vai trong giảng dạy bao gồm:  

1. **Tính mục đích của tình huống phải thật rõ ràng**: Tình huống đưa ra cần xác định rõ mục tiêu, tránh mơ hồ để học sinh hiểu đúng trọng tâm cần tập trung.  
2. **Tình huống phải dễ đóng vai, không nên quá phức tạp**: Đảm bảo tình huống phù hợp với khả năng của học sinh, tránh gây khó khăn hoặc bối rối khi thực hiện.  
3. **Mọi học sinh đều được tham gia**: Tất cả học sinh cần được tham gia vào quá trình thảo luận, xây dựng kịch bản, sắm vai hoặc hỗ trợ bạn trong nhóm. Đặc biệt, cần khuyến khích cả những học sinh nhút nhát cùng tham gia.  
4. **Giáo viên phải quan sát và hỗ trợ kịp thời**: Trong khi các nhóm thảo luận, giáo viên cần đi đến từng nhóm, lắng nghe, phát hiện khó khăn và điều chỉnh, hỗ trợ học sinh ngay khi cần thiết.  

Những điểm này giúp phương pháp đóng vai đạt hiệu quả cao, đảm bảo tính tương tác và phát huy tối đa khả năng sáng tạo của học sinh.","Dựa trên tài liệu được cung cấp, **không có thông tin nào đề cập đến việc sử dụng phương pháp đóng vai trong giảng dạy**, cũng như không có nội dung nêu rõ những điều cần lưu ý khi áp dụng phương pháp này.

Cụ thể:

- **Từ Knowledge Graph**: Tài liệu có phần “Lưu ý” (ID: 1) đề cập đến việc áp dụng các bước dạy học Khám phá theo hướng dẫn ở Phần Một.V.6, nhằm đảm bảo tính nhất quán trong phương pháp giảng dạy. Tuy nhiên, **phần này không đề cập đến phương pháp đóng vai** (role-playing), nên không thể xác định được các lưu ý cụ thể liên quan đến phương pháp này.

- **Từ Document Images**: Không có bất kỳ nội dung nào trong tài liệu hình ảnh được cung cấp đề cập đến “phương pháp đóng vai” hoặc các lưu ý khi sử dụng phương pháp này.

**Kết luận**:  
Tài liệu hiện tại **không cung cấp thông tin cụ thể** về phương pháp đóng vai trong giảng dạy, cũng như không nêu rõ những điều cần lưu ý khi sử dụng phương pháp này. Nếu bạn cần thông tin về phương pháp đóng vai, bạn có thể cần tham khảo tài liệu khác hoặc cung cấp thêm nội dung liên quan đến phần đó.

> Lưu ý: Nếu bạn đang tìm kiếm hướng dẫn về phương pháp đóng vai trong giảng dạy, bạn có thể cần tham khảo các tài liệu chuyên môn về kỹ thuật dạy học tương tác, kỹ năng mềm, hoặc phương pháp giáo dục dựa trên trải nghiệm – nơi thường đề cập đến role-playing như một công cụ hiệu quả trong giảng dạy.","- Tính mục đích của tình huống phải rõ ràng.
- Tình huống phải dễ đóng vai, không nên quá phức tạp.
- Mọi HS đều được tham gia vào quá trình thảo luận, xây dựng kịch bản, được sắm vai hoặc phục vụ cho việc sắm vai của các bạn trong nhóm.
- Trong khi các nhóm thảo luận, GV phải đến từng nhóm, quan sát, lắng nghe; kịp thời phát hiện những khó khăn, lúng túng của HS để có sự hỗ trợ, giúp đỡ, điều chỉnh kịp thời.",0,0.26993865030674846,0.32195121951219513,0,0.48630136986301364,0.3463414634146341,0.08063102541630149,0.29809104258443464,NO
88,16725,Mục đích của phương pháp giải quyết vấn đề được mô tả trong tài liệu là gì?,"Theo tài liệu, mục đích của phương pháp giải quyết vấn đề là **hướng dẫn học sinh (HS) phát hiện ra vấn đề, xem xét, phân tích những hiện tượng đạo đức, pháp luật,... đang tồn tại và xác định cách giải quyết vấn đề đó**. Phương pháp này tập trung vào việc rèn luyện khả năng nhận diện, đánh giá và tìm ra giải pháp cho các tình huống thực tế trong cuộc sống, từ đó giúp HS hình thành tư duy phản biện và kỹ năng ứng xử phù hợp.","Theo tài liệu, **mục đích của phương pháp giải quyết vấn đề** là:

> **Hướng dẫn học sinh phát hiện vấn đề, phân tích các hiện tượng đạo đức, pháp luật đang tồn tại và xác định cách giải quyết vấn đề đó, thường được áp dụng trong các tình huống thực tế cuộc sống có mâu thuẫn cần giải quyết.**

Đây là một phương pháp giáo dục nhằm **rèn luyện tư duy phản biện, kỹ năng phân tích và giải quyết vấn đề thực tiễn** thông qua việc đặt học sinh vào các tình huống có mâu thuẫn, yêu cầu họ suy nghĩ, đánh giá và đưa ra giải pháp phù hợp dựa trên kiến thức đạo đức và pháp luật.

✅ **Tóm lại**, mục đích chính của phương pháp này là **giúp học sinh phát triển năng lực giải quyết vấn đề trong đời sống thực tế thông qua việc phân tích các hiện tượng đạo đức và pháp luật**.","Giải quyết vấn đề là cách thức hướng dẫn HS phát hiện ra vấn đề, xem xét, phân tích những hiện tượng đạo đức, pháp luật đang tồn tại và xác định cách giải quyết vấn đề đó.",0,0.5793650793650793,0.7934782608695652,0,0.5538461538461538,0.391304347826087,0.22773972602739725,0.5411764705882353,YES
89,16725,"Trong ví dụ về tình huống tín dụng, GV nêu tình huống cụ thể nào để HS giải quyết?","Trong ví dụ về tình huống tín dụng, GV nêu tình huống cụ thể:  
*""Trong xóm có bà Y đang vận động mọi người cho vay tiền sẽ được hưởng lãi suất cao hơn so với gửi ngân hàng để bà lấy vốn đầu tư kinh doanh. Bác hàng xóm tin tưởng, rủ mẹ H cho bà Y vay tiền. H muốn ngăn mẹ không cho bà Y vay tiền.""*  

HS được yêu cầu phân tích nguyên nhân, hậu quả và tìm cách giải quyết vấn đề này.","Trong ví dụ về tình huống tín dụng, giáo viên (GV) đã nêu tình huống cụ thể là: **bà Y cho mẹ H vay tiền**.

Đây là một tình huống thực tế được thiết kế để học sinh phân tích, thảo luận và giải quyết vấn đề liên quan đến tín dụng, bao gồm các khía cạnh như trách nhiệm tài chính, rủi ro khi cho vay, sự cần thiết của hợp đồng tín dụng, và các yếu tố cần cân nhắc khi đưa ra quyết định tài chính.

Tình huống này giúp học sinh tiếp cận kiến thức tín dụng thông qua một bối cảnh đời sống gần gũi, từ đó phát triển năng lực tư duy phản biện và giải quyết vấn đề trong lĩnh vực tài chính cá nhân.

✅ **Tóm lại**: GV nêu tình huống cụ thể là **bà Y cho mẹ H vay tiền** – một tình huống thực tế nhằm giúp học sinh hiểu và vận dụng kiến thức tín dụng vào thực tiễn.","Trong tình huống ""bà Y đang vay tiền để làm kinh doanh, bà Y vay tiền của Bác hàng xóm tin tưởng, nhưng bà Y không muốn mẹ cho bà Y vay tiền"".",0,0.34375000000000006,0.5,0,0.47933884297520657,0.32954545454545453,0.16770740410347904,0.38223938223938225,NO
